CrossSection,Description,Flags,ID,Type
13.300000190734863,AWG 6,3,1,0
21.200000762939453,AWG 4,3,2,0
202.67999267578125,400 MCM,3,3,0
2.5,2.50 mm²,2,4,0
1.5,1.50 mm²,2,5,0
4.0,4.00 mm²,2,6,0
0.25,0.25 mm²,2,7,0
6.0,6.00 mm²,2,8,0
16.0,16.00 mm²,2,9,0
10.0,10.00 mm²,2,10,0
35.0,35.00 mm²,2,11,0
0.5,0.50 mm²,2,12,0
25.0,25.00 mm²,2,13,0
1.0,1.00 mm²,2,14,0
0.75,0.75 mm²,2,15,0
50.0,50.00 mm²,2,16,0
500.0,500.00 mm²,2,17,0
0.8230000138282776,AWG 18,3,18,0
1.309999942779541,AWG 16,3,19,0
2.0799999237060547,AWG 14 ,3,20,0
3.309999942779541,AWG 12,3,21,0
5.260000228881836,AWG 10,3,22,0
8.369999885559082,AWG 8,3,23,0
33.599998474121094,AWG 2,3,24,0
42.400001525878906,AWG 1,3,25,0
53.5,AWG 0 (1/0),3,26,0
67.5,AWG 00 (2/0),3,27,0
85.0,AWG 000 (3/0),3,28,0
107.19999694824219,AWG 0000 (4/0),3,29,0
152.00999450683594,300 MCM,3,30,0
177.35000610351562,350 MCM,3,31,0
253.35000610351562,500 MCM,3,32,0
0.14000000059604645,0.14 mm²,2,33,0
0.3400000035762787,0.34 mm²,2,34,0
70.0,70.00 mm²,2,35,0
95.0,95.00 mm²,2,36,0
185.0,185.00 mm²,2,37,0
240.0,240.00 mm²,2,38,0
300.0,300.00 mm²,2,39,0
400.0,400.00 mm²,2,40,0
0.0020000000949949026,AWG 44,3,41,0
0.019999999552965164,AWG 34,3,42,0
0.12800000607967377,AWG 26,3,43,0
0.20499999821186066,AWG 24,3,44,0
0.3240000009536743,AWG 22,3,45,0
0.5189999938011169,AWG 20,3,46,0
127.0,AWG 250,3,47,0
177.0,AWG 350,3,48,0
253.0,AWG 500,3,49,0
0.2199999988079071,0.22 mm²,2,50,0
2.0,2.00 mm²,2,51,0
3.0,3.00 mm²,2,52,0
0.3499999940395355,0.35 mm²,2,53,0
0.6000000238418579,0.60 mm²,2,54,0
0.07999999821186066,0.08 mm²,2,55,0
0.003000000026077032,AWG 42,3,56,0
0.004999999888241291,AWG 40,3,57,0
0.00800000037997961,AWG 38,3,58,0
0.013000000268220901,AWG 36,3,59,0
0.03200000151991844,AWG 32,3,60,0
0.050999999046325684,AWG 30,3,61,0
0.20000000298023224,0.20 mm²,2,62,0
0.0820000022649765,AWG 28,3,63,0
31.670000076293945,"1/4""",2,64,0
71.25,"3/8""",2,65,0
126.69999694824219,"1/2""",2,66,0
285.0,"3/4""",2,67,0
506.70001220703125,"1""",2,68,0
791.7000122070312,"1 1/4""",2,69,0
958.0,"1 3/8""",2,70,0
1140.0,"1 1/2""",2,71,0
1552.0,"1 3/4""",2,72,0
2027.0,"2""",2,73,0
2565.0,"2 1/4""",2,74,0
2858.0,"2 3/8""",2,75,0
3167.0,"2 1/2""",2,76,0
3832.0,"2 3/4""",2,77,0
4560.0,"3""",2,78,0
120.0,120.00 mm²,2,79,0
150.0,150.00 mm²,2,80,0
88.0,"1/4"" DN 10 DIN2440",2,83,1
125.0,"3/8"" DN 12 DIN2440",2,84,1
160.0,"1/2"" DN 15 DIN2440",2,85,1
216.0,"3/4"" DN 20 DIN2440",2,86,1
272.0,"1"" DN 25 DIN2440",2,87,1
359.0,"1 1/4"" DN 32 DIN2440",2,88,1
418.0,"1 1/2"" DN 40 DIN2440",2,89,1
530.0,"2"" DN 50 DIN2440",2,90,1
688.0,"2 1/2"" DN 65 DIN2440",2,91,1
808.0,"3"" DN 80 DIN2440",2,92,1
1098.0,"4"" DN 100 DIN2440",2,93,1
1300.0,"5"" DN 125 DIN2440",2,94,1
114.0,"3/8"" DN 12 DIN2441",2,95,1
148.0,"1/2"" DN 15 DIN2441",2,96,1
204.0,"3/4"" DN 20 DIN2441",2,97,1
256.0,"1"" DN 25 DIN2441",2,98,1
343.0,"1 1/4"" DN 32 DIN2441",2,99,1
402.0,"1 1/2"" DN 40 DIN2441",2,100,1
513.0,"2"" DN 50 DIN2441",2,101,1
0.05000000074505806,0.05 mm²,2,102,0
29.0,"Ø 4,4/2,9mm",2,103,1
40.0,Ø 6/4mm,2,104,1
59.0,"Ø 8/5,9mm",2,105,1
70.0,Ø 10/7mm,2,106,1
84.0,"Ø 12/8,4mm",2,107,1
120.0,Ø 16/12mm,2,108,1
30.0,"Ø 4,3/3mm",2,109,1
30.0,30.00 mm²,2,110,0
29.0,29.00 mm²,2,111,0
23.0,"Ø 3,2/2,3mm",2,112,1
0.30000001192092896,0.30 mm²,2,113,0
1.649999976158142,AWG 15,3,114,0
0.4099999964237213,AWG 21,3,115,0
1.000100016593933,AWG 17,3,116,0
4.199999809265137,AWG 11,3,117,0
2.5999999046325684,AWG 13,3,118,0
0.6499999761581421,AWG 19,3,120,0
135.1999969482422,AWG 00000 (5/0),3,121,0
170.5,AWG 000000 (6/0),3,122,0
215.0,AWG 0000000 (7/0),3,123,0
126.68000030517578,250 MCM,3,124,0
300.0000915527344,600 MCM,3,125,0
354.7099914550781,700 MCM,3,126,0
380.0,750 MCM,3,127,0
400.0000915527344,800 MCM,3,128,0
456.0400085449219,900 MCM,3,129,0
500.0000915527344,1000 MCM,3,130,0
0.10000000149011612,0.10 mm²,2,131,0
0.2800000011920929,0.28 mm²,2,132,0
0.33000001311302185,0.33 mm²,2,133,0
0.800000011920929,0.80 mm²,2,134,0
0.6500999927520752,0.65 mm²,2,135,0
0.699999988079071,0.70 mm²,2,136,0
0.7200000286102295,0.72 mm²,2,137,0
0.8999999761581421,0.90 mm²,2,138,0
1.100000023841858,1.10 mm²,2,139,0
1.1200000047683716,1.12 mm²,2,140,0
1.190000057220459,1.19 mm²,2,141,0
1.600000023841858,1.60 mm²,2,142,0
2.700000047683716,2.70 mm²,2,143,0
2.799999952316284,2.80 mm²,2,144,0
3.4200000762939453,3.42 mm²,2,145,0
4.949999809265137,4.95 mm²,2,146,0
5.039999961853027,5.04 mm²,2,147,0
5.25,5.25 mm²,2,148,0
0.09000000357627869,0.09 mm²,2,149,0
0.5600000023841858,0.56 mm²,2,150,0
0.3700000047683716,0.37 mm²,2,151,0
0.5199999809265137,0.52 mm²,2,152,0
0.20999999344348907,0.21 mm²,2,153,0
6.630000114440918,AWG 9,3,154,0
0.257999986410141,AWG 23,3,155,0
18.0,1.8 mm,2,161,2
24.0,2.4 mm,2,162,2
25.899999618530273,2.59 mm,2,163,2
33.0,3.3 mm,2,164,2
14.0,1.4 mm,2,165,2
17.0,1.7 mm,2,166,2
21.0,2.1 mm,2,167,2
20.0,2.0 mm,2,168,2
26.0,2.6 mm,2,169,2
49.0,4.9 mm,2,170,2
51.0,5.1 mm,2,171,2
46.0,"Ø 4/2,6mm",2,172,1
21.0,"Ø 3/2,1mm",2,173,1
10.0,1.0 mm,2,174,2
11.0,1.1 mm,2,175,2
12.0,1.2 mm,2,176,2
13.0,1.3 mm,2,177,2
15.0,1.5 mm,2,178,2
16.0,1.6 mm,2,179,2
19.0,1.9 mm,2,180,2
22.0,2.2 mm,2,181,2
23.0,2.3 mm,2,182,2
25.0,2.5 mm,2,183,2
27.0,2.7 mm,2,184,2
28.0,2.8 mm,2,185,2
29.0,2.9 mm,2,186,2
30.0,3.0 mm,2,187,2
31.0,3.1 mm,2,188,2
32.0,3.2 mm,2,189,2
34.0,3.4 mm,2,190,2
35.0,3.5 mm,2,191,2
36.0,3.6 mm,2,192,2
50.0,5.0 mm,2,193,2
52.0,5.2 mm,2,194,2
53.0,5.3 mm,2,195,2
54.0,5.4 mm,2,196,2
55.0,5.5 mm,2,197,2
56.0,5.6 mm,2,198,2
57.0,5.7 mm,2,199,2
58.0,5.8 mm,2,200,2
59.0,5.9 mm,2,201,2
60.0,6.0 mm,2,202,2
70.0,7.0 mm,2,203,2
4.199999809265137,0.42  mm,2,281,2
5.599999904632568,0.56  mm,2,282,2
6.5,0.65  mm,2,283,2
7.900000095367432,0.79  mm,2,284,2
8.5,0.85  mm,2,285,2
9.5,0.95  mm,2,286,2
9.699999809265137,0.97  mm,2,287,2
12.5,1.25  mm,2,288,2
13.800000190734863,1.38  mm,2,289,2
15.199999809265137,1.52  mm,2,290,2
17.799999237060547,1.78  mm,2,291,2
22.5,2.25  mm,2,292,2
26.5,2.65  mm,2,293,2
27.600000381469727,2.76  mm,2,294,2
29.5,2.95  mm,2,295,2
30.5,3.05  mm,2,296,2
37.0,3.7  mm,2,297,2
38.0,3.8  mm,2,298,2
39.0,3.9  mm,2,299,2
40.0,4  mm,2,300,2
41.0,4.1  mm,2,301,2
42.0,4.2  mm,2,302,2
43.0,4.3  mm,2,303,2
44.0,4.4  mm,2,304,2
45.0,4.5  mm,2,305,2
47.0,4.7  mm,2,306,2
48.0,4.8  mm,2,307,2
64.0,6.4  mm,2,308,2
65.0,6.5  mm,2,309,2
66.0,6.6  mm,2,310,2
67.0,6.7  mm,2,311,2
72.0,7.2  mm,2,312,2
72.4000015258789,7.24  mm,2,313,2
75.0,7.5  mm,2,314,2
78.0,7.8  mm,2,315,2
79.0,7.9  mm,2,316,2
80.0,8  mm,2,317,2
81.0,8.1  mm,2,318,2
82.0,8.2  mm,2,319,2
83.0,8.3  mm,2,320,2
89.0,8.9  mm,2,321,2
90.0,9  mm,2,322,2
91.0999984741211,9.11  mm,2,323,2
93.0,9.3  mm,2,324,2
94.0,9.4  mm,2,325,2
96.0,9.6  mm,2,326,2
97.69999694824219,9.77  mm,2,327,2
98.0,9.8  mm,2,328,2
99.0,9.9  mm,2,329,2
100.0,10  mm,2,330,2
102.0,10.2  mm,2,331,2
103.0,10.3  mm,2,332,2
107.0,10.7  mm,2,333,2
108.0,10.8  mm,2,334,2
111.0,11.1  mm,2,335,2
117.0,11.7  mm,2,336,2
119.0,11.9  mm,2,337,2
121.0,12.1  mm,2,338,2
130.0,13  mm,2,339,2
134.0,13.4  mm,2,340,2
136.0,13.6  mm,2,341,2
139.0,13.9  mm,2,342,2
145.0,14.5  mm,2,343,2
149.0,14.9  mm,2,344,2
150.0,15  mm,2,345,2
152.0,15.2  mm,2,346,2
160.0,16  mm,2,347,2
162.0,16.2  mm,2,348,2
168.0,16.8  mm,2,349,2
170.0,17  mm,2,350,2
195.0,19.5  mm,2,351,2
197.0,19.7  mm,2,352,2
200.0,20  mm,2,353,2
222.0,22.2  mm,2,354,2
245.0,24.5  mm,2,355,2
290.0,29  mm,2,356,2
337.0,33.7  mm,2,357,2
16.5,AWG 15 o.d.,3,358,2
20.799999237060547,AWG 14 o.d.,3,359,2
0.9599999785423279,0.096 mm,2,360,2
1.0399999618530273,0.104 mm,2,361,2
1.2400000095367432,0.124 mm,2,362,2
6.800000190734863,0.68  mm,2,363,2
5.099999904632568,0.51  mm,2,364,2
21.399999618530273,2.14 mm,2,365,2
11.699999809265137,1.17 mm,2,366,2
9.600000381469727,0.96  mm,2,367,2
13.5,1.35  mm,2,368,2
16.600000381469727,1.66  mm,2,369,2
27.100000381469727,2.71  mm,2,370,2
33.20000076293945,3.32  mm,2,371,2
54.20000076293945,5.42 mm,2,372,2
80.0999984741211,8.01  mm,2,373,2
1.899999976158142,0.19  mm,2,374,2
7.699999809265137,0.77  mm,2,375,2
26.0,"Ø 4/2,6mm",2,156,1
40.0,40.00,2,157,0
23.0,23.00,2,158,0
21.0,"Ø 3/2,1mm",2,159,1
