TextType,CanHide,CanModify,CanModifyInivisible,ChangeableByScriptOnly,CopyFromSelectedSheet,DatabaseField,Format,MaxLength,SheetInfo,SystemDefined,TEXTNAME_34,TEXTNAME_86,TEXTNAME_49,TEXTNAME_44,TEXTNAME_33,TEXTNAME_39,TEXTNAME_81,TEXTNAME_31,TEXTNAME_351,TEXTNAME_07,TEXTNAME_90,ConnectionTargetFormat,UseActivePinTerminal,TEXTNAME_48
2,True,True,False,False,False,,,80,False,False,Comentario,注释,Kommentar,Comment,Commentaire,Commento,注釈,commentaar,Comentário,Комментарий,Açıklama,0,False,Komentarz
11,True,True,False,False,False,,,0,False,True,Texto fijo,Text fix,Text fix,Text fix,Texte fixe,Testo fisso,テキスト - 固定,tekst fix,Texto fixo,Text fix,Metin düzeltme,0,False,Tekst stały
13,True,True,False,False,False,,,0,False,False,Texto variable,正文变量,Text - variabel,Text variable,Texte - variable,Testo - variabile,テキスト変数,tekst - variabel,Variável de texto,Надпись - переменная,Metin değişkeni,0,False,Tekst zmienny
20,True,True,False,False,False,,,40,True,False,Creador del dibujo,绘图通过,Erstellt durch,Drawn by,Créateur du dessin,Disegnato da,作図者,getekend door,Desenhado por,Исполнитель,Çizen,0,False,Stworzony przez
21,True,True,False,False,True,,,20,True,False,Número del documento,文档号码,Unterlagennummer,Document number,Numéro du document,Numero documento,ドキュメント番号,documentnummer,Número do documento,Номер документа,Belge numarası,0,False,Numer dokumentu
22,True,True,False,False,True,,,50,True,False,Cliente,客户,Auftraggeber,Customer,Client,Cliente,顧客,klant,Cliente,Заказчик,Müşteri,0,False,Klient
23,True,True,False,False,True,,,20,True,False,Número del dibujo,绘图号码,Zeichnungsnummer,Drawing number,Numéro du dessin,Numero disegno,図面番号,tekeningnumber,Número do desenho,Номер чертежа,Çizim numarası,0,False,Numer rysunku
25,True,True,False,False,False,,,15,True,False,Nota especial,特殊评论,Sondervermerk,Special note,Note spéciale,Note particolari,特記事項,speciale nota,Nota especial,Замечание,Özel not,0,False,Specjalna notatka
27,True,True,False,False,False,,,6,True,False,Tema,发行,Änderungszustand,Issue,Edition,Stato modifica,発行,editie,Versão,Редакция,Düzenlemek,0,False,Problem
28,True,True,False,False,False,,,10,True,False,Cambio,改变,Änderung,Change,Modification,Modifica,変更,wijziging,Alteração,Изменение,Değişiklik,0,False,Zmiana
29,True,True,False,False,False,,,10,True,False,Fecha de modificación,修改日期,Änderungsdatum,Date of modification,Date de modification,Data di modifica,変更日,wijzigingsdatum,Data de modificação,Дата изменения,Değişiklik tarihi,0,False,Data modyfikacji
30,True,True,False,False,False,,,6,True,False,Responsable de la modificación,修改通过,Änderungsbearbeiter,Modified by,Responsable de la modification,Modificato da,変更者,gewijzigd door,Modificado por,Изменено,Değiştiren,0,False,Zmodyfikowany przez
33,True,True,False,False,False,,,50,True,False,Función,功能,Funktion,Function,Fonction,Funzione,機能,functie,Função,Функция,Fonksiyon,0,False,Funkcja
36,True,True,False,False,False,,,15,True,False,Origen,原点,Ursprung,Origin,Origine,Origine,原点,oorsprong,Origem,Точка привязки,Orijin,0,False,Źródło
37,True,True,False,False,False,,,15,True,False,Reemplazos,置换,Ersatz für,Replaces,Remplace,Sostituisce,交換,vervangt,Substituído,Замены,Yerine,0,False,Zastępuje
38,True,True,False,False,False,,,15,True,False,Reemplazado por,置换通过,Ersetzt durch,Replaced by,Remplacé par,Sostituito da,交換者,vervangen door,Substituído por,Заменено,İle değiştirilmiştir ,0,False,Zastępowany przez
40,True,True,False,False,True,SheetName1,,30,True,False,Nombre 1,名称1,Benennung 1,Name 1,Nom 1,Denominazione 1,名称1,naam 1,Nome 1,Имя 1,İsim 1,0,False,Nazwa 1
41,True,True,False,False,False,,,10,True,False,Fecha de modificación (1),修改日期 (1),Bearbeitungsdatum,Date of modification (1),Date de modification (1),Data di editazione,変更日 (1),wijzigingsdatum (1),Data de modificação (1),Дата изменения (1),Değişiklik tarihi (1),0,False,Data modyfikacji (1)
42,True,True,False,False,False,,,15,True,False,Usuario,用户,Bearbeiter,User,Utilisateur,Utente,ユーザ,gebruiker,Usuário,Выполнил,Kullanıcı,0,False,Użytkownik
43,True,True,False,False,False,,,15,True,False,Aprobado,赞成,Geprüft,Approved,Approuvé,Approvato,承認,goedgekeurd,Aprovado,Утвердил,Onaylanmış,0,False,Zatwierdził
44,True,True,False,False,False,,,15,True,False,Estándar,标准,Norm,Standard,Norme,Normativa,標準,norm,Padrão,Стандарт,Standart,0,False,Standard
45,True,True,False,False,False,,,0,False,False,Proyecto,项目,Projekt,Project,Projet,Progetto,プロジェクト,project,Projeto,Проект,Proje,0,False,Projekt
46,True,True,False,False,True,,,50,True,False,Número de pedido,订货编号,Auftragsnummer,Order number,Numéro d'ordre,Numero ordine,注文番号,opdrachtnummer,Número da ordem,Номер заказа,Düzen numarası,0,False,Numer zamówienia
47,True,True,False,False,True,,,50,True,False,Pedido,订货,Auftrag,Order,Ordre,Ordine,注文,opdracht,Ordem,Заказ,Düzen,0,False,Zamówienie
48,True,True,False,False,True,SheetName2,,25,True,False,Nombre 2,名称2,Benennung 2,Name 2,Nom 2,Denominazione 2,名称2,naam 2,Nome 2,Имя 2,İsim 2,0,False,Nazwa 2
49,True,True,False,False,False,,,0,True,False,Reserva,备用,Reserve,Reserve,Réserve,Riserva,予備,reserve,Reserva,Резервная,Yedek,0,False,Rezerwa
50,True,True,False,False,False,Techdat1,,50,False,False,Datos técnicos 1,技术数据1,Technische Daten 1,Technical data 1,Données techniques 1,Dati tecnici 1,技術データ1,technische gegevens 1,Dado técnico 1,Тех.информация 1,Teknik veri 1,0,False,Dane techniczne 1
51,True,True,False,False,False,Techdat2,,50,False,False,Datos técnicos 2,技术数据2,Technische Daten 2,Technical data 2,Données techniques 2,Dati tecnici 2,技術データ2,technische gegevens 2,Dado técnico 2,Тех.информация 2,Teknik veri 2,0,False,Dane techniczne 2
52,True,True,False,False,False,Techdat3,,50,False,False,Datos técnicos 3,技术数据3,Technische Daten 3,Technical data 3,Données techniques 3,Dati tecnici 3,技術データ3,technische gegevens 3,Dado técnico 3,Тех.информация 3,Teknik veri 3,0,False,Dane techniczne 3
53,False,False,False,False,False,Techdat4,,0,False,False,Datos técnicos 4,技术数据4,Technische Daten 4,Technical data 4,Données techniques 4,Dati tecnici 4,技術データ4,technische gegevens 4,Dado técnico 4,Тех.информация 4,Teknik veri 4,0,False,Dane techniczne 4
70,True,True,False,False,False,.PLCPHYSADDR,,60,False,False,Dirección física-PLC,PLC-物理地址,SPS - Physikalische Adresse,PLC - Physical address,API - Adresse physique,PLC - indirizzo fisico,PLC - 物理アドレス,PLC - fysisch adres,PLC - Endereço Físico,ПК (PLC) - Физический адрес,PLC - Fiziksel adres,0,False,PLC - Adres fizyczny
71,True,True,False,False,False,PlcSymbAdr,,60,False,False,Dirección simbólica-PLC,PLC-符号地址,SPS - Symbolische Adresse,PLC - Symbolic address,API - Adresse symbolique,PLC - indirizzo simbolico,PLC - シンボリックアドレス,PLC - symbolisch adres,PLC - Endereço Simbólico,ПК (PLC) - Символьный адрес,PLC - Sembolik adres,0,False,PLC - Adres symboliczny
72,True,True,False,False,False,PlcComment,,60,False,False,PLC-Comentario 1,PLC-注释1,SPS - Kommentar 1,PLC - Comment 1,API - Commentaire 1,PLC - commento 1,PLC - 注釈1,PLC - commentaar 1,PLC - Comentário 1,ПК (PLC) - Комментарий 1,PLC - Yorum 1,0,False,PLC - Komentarz 1
73,True,True,False,False,False,PlcComment2,,60,False,False,PLC-Comentario 2,PLC-注释2,SPS - Kommentar 2,PLC - Comment 2,API - Commentaire 2,PLC - commento 2,PLC - 注釈2,PLC - commentaar 2,PLC - Comentário 2,ПК (PLC) - Комментарий 2,PLC - Yorum 2,0,False,PLC - Komentarz 2
86,False,False,False,False,False,Attr4UseFromACPT,,0,False,False,,有效针脚端子的使用属性,Attribut das vom aktiven Anschlagteil benutzt wird,Attribute for use from active pin terminal,Attribut pour utilisation par pièce de fixation active,Attributo dal terminale attivo,アクティブなピンターミナルからの使用属性,Attribuut gebruikt door actieve fitting ,,Атрибут для использования из текущего наконечника,Aktif pin terminalinden kullanım niteliği,0,True,Atrybut z aktywnego pinu złacza
220,False,False,False,False,False,,,25,True,False,Número de documento SAP,SAP Document Number,SAP Dokument Nummer,SAP Document Number,SAP Numéro de document,SAP Numero documento,SAPドキュメント番号,SAP document nummer,Numero do Documento SAP,Номер документа в SAP,SAP Belge Numarası,0,False,Komentarz
221,False,False,False,False,False,,,5,True,False,Versión de documento SAP,SAP Document Version,SAP Dokument Version,SAP Document Version,SAP Version de document,SAP Versione documento,SAPドキュメントバージョン,SAP document versie,Versão de Documento SAP,Версия документа в SAP,SAP Belge Sürümü,0,False,SAP Numer Dokumentu
222,False,False,False,False,False,,,5,True,False,Parte de documento SAP,SAP Document Part,SAP Dokument Teil,SAP Document Part,SAP Partie de document,SAP Parte documento,SAPドキュメントパート,SAP document deel,Documento de Componente SAP,Часть документа в SAP,SAP Belge Bölüm,0,False,SAP Wersja Dokumentu
223,False,False,False,False,False,,,5,True,False,Tipo de documento SAP,SAP Document Type,SAP Dokument Typ,SAP Document Type,SAP Type de document,SAP Tipo documento,SAPドキュメントタイプ,SAP document type,Tipo de Documento SAP,Тип документа в SAP,SAP Belge Tipi,0,False,SAP Część Dokuentu
224,False,False,False,False,False,,,50,True,False,Descripción de documento SAP,SAP Document Description,SAP Dokument Beschreibung,SAP Document Description,SAP Description de document,SAP Descrizione documento,SAPドキュメント説明,SAP document beschrijving,Descrição de Documento SAP,Описание документа в SAP,SAP Belge Açıklaması,0,False,SAP Typ Dokumentu
225,False,False,False,False,False,,,5,True,False,Estado de documento SAP,SAP Document Status,SAP Dokument Status,SAP Document Status,SAP État de document,SAP Stato documento,SAPドキュメントステータス,SAP document status,Andamento do Documento SAP,Статус документа в SAP,SAP Belge Durumu,0,False,SAP Opis Dokumentu
226,False,False,False,False,False,,,30,True,False,Texto de estado de documento SAP,SAP Document Statustext,SAP Dokument Statustext,SAP Document Statustext,SAP Texte d'état de document,SAP Descrizione stato documento,SAPドキュメントステータステキスト,SAP document statustekst,Andamento do texto de Documento SAP,Описание статуса документа в SAP,SAP Belge MetinDurumu,0,False,SAP Status Dokumentu
230,False,False,False,True,False,,,255,False,False,rmCISHeaderChangeCount,rmCISHeaderChangeCount,rmCISHeaderChangeCount,rmCISHeaderChangeCount,rmCISHeaderChangeCount,rmCISHeaderChangeCount,rmCISHeaderChangeCount,rmCISHeaderChangeCount,rmCISHeaderChangeCount,rmCISHeaderChangeCount,rmCISBaşlıkDeğiştirmeSayısı,0,False,rmCISHeaderChangeCount
231,False,False,False,True,False,,,255,False,False,rmCISHeaderDevice,rmCISHeaderDevice,rmCISHeaderDevice,rmCISHeaderDevice,rmCISHeaderDevice,rmCISHeaderDevice,rmCISHeaderDevice,rmCISHeaderDevice,rmCISHeaderDevice,rmCISHeaderDevice,rmCISBaşlıkCihaz,0,False,rmCISHeaderDevice
232,False,False,False,True,False,,,255,False,False,rmCISHeaderChangeType,rmCISHeaderChangeType,rmCISHeaderChangeType,rmCISHeaderChangeType,rmCISHeaderChangeType,rmCISHeaderChangeType,rmCISHeaderChangeType,rmCISHeaderChangeType,rmCISHeaderChangeType,rmCISHeaderChangeType,rmCISBaşlıkDeğiştirmeTipi,0,False,rmCISHeaderChangeType
233,False,False,False,True,False,,,255,False,False,rmCISChangeCount,rmCISChangeCount,rmCISChangeCount,rmCISChangeCount,rmCISChangeCount,rmCISChangeCount,rmCISChangeCount,rmCISChangeCount,rmCISChangeCount,rmCISChangeCount,rmCISDeğişimSayısı,0,False,rmCISChangeCount
234,False,False,False,True,False,,,255,False,False,rmCISDevice,rmCISDevice,rmCISDevice,rmCISDevice,rmCISDevice,rmCISDevice,rmCISDevice,rmCISDevice,rmCISDevice,rmCISDevice,rmCISCihaz,0,False,rmCISDevice
235,False,False,False,True,False,,,255,False,False,rmCISChangeType,rmCISChangeType,rmCISChangeType,rmCISChangeType,rmCISChangeType,rmCISChangeType,rmCISChangeType,rmCISChangeType,rmCISChangeType,rmCISChangeType,rmCISDeğişimTipi,0,False,rmCISChangeType
236,False,False,False,True,False,,,255,False,False,rmCISMoreChanges,rmCISMoreChanges,rmCISMoreChanges,rmCISMoreChanges,rmCISMoreChanges,rmCISMoreChanges,rmCISMoreChanges,rmCISMoreChanges,rmCISMoreChanges,rmCISMoreChanges,rmCISDiğerDeğişiklikler,0,False,rmCISMoreChanges
250,False,False,False,True,False,,,255,False,False,rmCLSHeaderChangeNumber,rmCLSHeaderChangeNumber,rmCLSHeaderChangeNumber,rmCLSHeaderChangeNumber,rmCLSHeaderChangeNumber,rmCLSHeaderChangeNumber,rmCLSHeaderChangeNumber,rmCLSHeaderChangeNumber,rmCLSHeaderChangeNumber,rmCLSHeaderChangeNumber,rmCLSBaşlıkDeğişiklikNumarası,0,False,rmCLSHeaderChangeNumber
251,False,False,False,True,False,,,255,False,False,rmCLSHeaderPath,rmCLSHeaderPath,rmCLSHeaderPath,rmCLSHeaderPath,rmCLSHeaderPath,rmCLSHeaderPath,rmCLSHeaderPath,rmCLSHeaderPath,rmCLSHeaderPath,rmCLSHeaderPath,rmCLSBaşlıkYol,0,False,rmCLSHeaderPath
252,False,False,False,True,False,,,255,False,False,rmCLSHeaderChangeType,rmCLSHeaderChangeType,rmCLSHeaderChangeType,rmCLSHeaderChangeType,rmCLSHeaderChangeType,rmCLSHeaderChangeType,rmCLSHeaderChangeType,rmCLSHeaderChangeType,rmCLSHeaderChangeType,rmCLSHeaderChangeType,rmCLSBaşlıkDeğişiklikTipi,0,False,rmCLSHeaderChangeType
253,False,False,False,True,False,,,255,False,False,rmCLSHeaderQuantity,rmCLSHeaderQuantity,rmCLSHeaderQuantity,rmCLSHeaderQuantity,rmCLSHeaderQuantity,rmCLSHeaderQuantity,rmCLSHeaderQuantity,rmCLSHeaderQuantity,rmCLSHeaderQuantity,rmCLSHeaderQuantity,rmCLSBaşlıkMiktar,0,False,rmCLSHeaderQuantity
254,False,False,False,True,False,,,255,False,False,rmCLSHeaderMaterial,rmCLSHeaderMaterial,rmCLSHeaderMaterial,rmCLSHeaderMaterial,rmCLSHeaderMaterial,rmCLSHeaderMaterial,rmCLSHeaderMaterial,rmCLSHeaderMaterial,rmCLSHeaderMaterial,rmCLSHeaderMaterial,rmCLSBaşlıkMalzeme,0,False,rmCLSHeaderMaterial
255,False,False,False,True,False,,,255,False,False,rmCLSHeaderAdditional,rmCLSHeaderAdditional,rmCLSHeaderAdditional,rmCLSHeaderAdditional,rmCLSHeaderAdditional,rmCLSHeaderAdditional,rmCLSHeaderAdditional,rmCLSHeaderAdditional,rmCLSHeaderAdditional,rmCLSHeaderAdditional,rmCLSBaşlıkEk,0,False,rmCLSHeaderAdditional
256,False,False,False,True,False,,,255,False,False,rmCLSHeaderOldValue,rmCLSHeaderOldValue,rmCLSHeaderOldValue,rmCLSHeaderOldValue,rmCLSHeaderOldValue,rmCLSHeaderOldValue,rmCLSHeaderOldValue,rmCLSHeaderOldValue,rmCLSHeaderOldValue,rmCLSHeaderOldValue,rmCLSBaşılEskiDeğer,0,False,rmCLSHeaderOldValue
257,False,False,False,True,False,,,255,False,False,rmCLSHeaderNewValue,rmCLSHeaderNewValue,rmCLSHeaderNewValue,rmCLSHeaderNewValue,rmCLSHeaderNewValue,rmCLSHeaderNewValue,rmCLSHeaderNewValue,rmCLSHeaderNewValue,rmCLSHeaderNewValue,rmCLSHeaderNewValue,rmCLSBaşlıkYeniDeğer,0,False,rmCLSHeaderNewValue
258,False,False,False,True,False,,,255,False,False,rmCLSHeaderLocation,rmCLSHeaderLocation,rmCLSHeaderLocation,rmCLSHeaderLocation,rmCLSHeaderLocation,rmCLSHeaderLocation,rmCLSHeaderLocation,rmCLSHeaderLocation,rmCLSHeaderLocation,rmCLSHeaderLocation,rmCLSBaşlıkKonum,0,False,rmCLSHeaderLocation
259,False,False,False,True,False,,,255,False,False,rmCLSHeaderDevice,rmCLSHeaderDevice,rmCLSHeaderDevice,rmCLSHeaderDevice,rmCLSHeaderDevice,rmCLSHeaderDevice,rmCLSHeaderDevice,rmCLSHeaderDevice,rmCLSHeaderDevice,rmCLSHeaderDevice,rmCLSBaşlıkCihaz,0,False,rmCLSHeaderDevice
260,False,False,False,True,False,,,255,False,False,rmCLSHeaderPin,rmCLSHeaderPin,rmCLSHeaderPin,rmCLSHeaderPin,rmCLSHeaderPin,rmCLSHeaderPin,rmCLSHeaderPin,rmCLSHeaderPin,rmCLSHeaderPin,rmCLSHeaderPin,rmCLSBaşlıkPin,0,False,rmCLSHeaderPin
261,False,False,False,True,False,,,255,False,False,rmCLSHeaderFrom,rmCLSHeaderFrom,rmCLSHeaderFrom,rmCLSHeaderFrom,rmCLSHeaderFrom,rmCLSHeaderFrom,rmCLSHeaderFrom,rmCLSHeaderFrom,rmCLSHeaderFrom,rmCLSHeaderFrom,rmCLSBaşlıkGönderen,0,False,rmCLSHeaderFrom
262,False,False,False,True,False,,,255,False,False,rmCLSHeaderTo,rmCLSHeaderTo,rmCLSHeaderTo,rmCLSHeaderTo,rmCLSHeaderTo,rmCLSHeaderTo,rmCLSHeaderTo,rmCLSHeaderTo,rmCLSHeaderTo,rmCLSHeaderTo,rmCLSBaşlıkİçin,0,False,rmCLSHeaderTo
263,False,False,False,True,False,,,255,False,False,rmCLSHeaderCoreNumber,rmCLSHeaderCoreNumber,rmCLSHeaderCoreNumber,rmCLSHeaderCoreNumber,rmCLSHeaderCoreNumber,rmCLSHeaderCoreNumber,rmCLSHeaderCoreNumber,rmCLSHeaderCoreNumber,rmCLSHeaderCoreNumber,rmCLSHeaderCoreNumber,rmCLSBaşlıkDamarNumarası,0,False,rmCLSHeaderCoreNumber
264,False,False,False,True,False,,,255,False,False,rmCLSHeaderSignal,rmCLSHeaderSignal,rmCLSHeaderSignal,rmCLSHeaderSignal,rmCLSHeaderSignal,rmCLSHeaderSignal,rmCLSHeaderSignal,rmCLSHeaderSignal,rmCLSHeaderSignal,rmCLSHeaderSignal,rmCLSBaşlıkSinyal,0,False,rmCLSHeaderSignal
280,False,False,False,True,False,,,255,False,False,rmCLSChangeNumber,rmCLSChangeNumber,rmCLSChangeNumber,rmCLSChangeNumber,rmCLSChangeNumber,rmCLSChangeNumber,rmCLSChangeNumber,rmCLSChangeNumber,rmCLSChangeNumber,rmCLSChangeNumber,rmCLSDeğişiklikNumarası,0,False,rmCLSChangeNumber
281,False,False,False,True,False,,,255,False,False,rmCLSPath,rmCLSPath,rmCLSPath,rmCLSPath,rmCLSPath,rmCLSPath,rmCLSPath,rmCLSPath,rmCLSPath,rmCLSPath,rmCLSYol,0,False,rmCLSPath
282,False,False,False,True,False,,,255,False,False,rmCLSChangeType,rmCLSChangeType,rmCLSChangeType,rmCLSChangeType,rmCLSChangeType,rmCLSChangeType,rmCLSChangeType,rmCLSChangeType,rmCLSChangeType,rmCLSChangeType,rmCLSDeğişiklikTipi,0,False,rmCLSChangeType
283,False,False,False,True,False,,,255,False,False,rmCLSQuantity,rmCLSQuantity,rmCLSQuantity,rmCLSQuantity,rmCLSQuantity,rmCLSQuantity,rmCLSQuantity,rmCLSQuantity,rmCLSQuantity,rmCLSQuantity,rmCLSMiktar,0,False,rmCLSQuantity
284,False,False,False,True,False,,,255,False,False,rmCLSMaterial,rmCLSMaterial,rmCLSMaterial,rmCLSMaterial,rmCLSMaterial,rmCLSMaterial,rmCLSMaterial,rmCLSMaterial,rmCLSMaterial,rmCLSMaterial,rmCLSMalzeme,0,False,rmCLSMaterial
285,False,False,False,True,False,,,255,False,False,rmCLSAdditional,rmCLSAdditional,rmCLSAdditional,rmCLSAdditional,rmCLSAdditional,rmCLSAdditional,rmCLSAdditional,rmCLSAdditional,rmCLSAdditional,rmCLSAdditional,rmCLSEk,0,False,rmCLSAdditional
286,False,False,False,True,False,,,255,False,False,rmCLSOldValue,rmCLSOldValue,rmCLSOldValue,rmCLSOldValue,rmCLSOldValue,rmCLSOldValue,rmCLSOldValue,rmCLSOldValue,rmCLSOldValue,rmCLSOldValue,rmCLSEskiDeğer,0,False,rmCLSOldValue
287,False,False,False,True,False,,,255,False,False,rmCLSNewValue,rmCLSNewValue,rmCLSNewValue,rmCLSNewValue,rmCLSNewValue,rmCLSNewValue,rmCLSNewValue,rmCLSNewValue,rmCLSNewValue,rmCLSNewValue,rmCLSYeniDeğer,0,False,rmCLSNewValue
288,False,False,False,True,False,,,255,False,False,rmCLSFromLocation,rmCLSFromLocation,rmCLSFromLocation,rmCLSFromLocation,rmCLSFromLocation,rmCLSFromLocation,rmCLSFromLocation,rmCLSFromLocation,rmCLSFromLocation,rmCLSFromLocation,rmCLSGelenKonum,0,False,rmCLSFromLocation
289,False,False,False,True,False,,,255,False,False,rmCLSFromDevice,rmCLSFromDevice,rmCLSFromDevice,rmCLSFromDevice,rmCLSFromDevice,rmCLSFromDevice,rmCLSFromDevice,rmCLSFromDevice,rmCLSFromDevice,rmCLSFromDevice,rmCLSGelenCihaz,0,False,rmCLSFromDevice
290,False,False,False,True,False,,,255,False,False,rmCLSFromPin,rmCLSFromPin,rmCLSFromPin,rmCLSFromPin,rmCLSFromPin,rmCLSFromPin,rmCLSFromPin,rmCLSFromPin,rmCLSFromPin,rmCLSFromPin,rmCLSGelenPin,0,False,rmCLSFromPin
291,False,False,False,True,False,,,255,False,False,rmCLSToLocation,rmCLSToLocation,rmCLSToLocation,rmCLSToLocation,rmCLSToLocation,rmCLSToLocation,rmCLSToLocation,rmCLSToLocation,rmCLSToLocation,rmCLSToLocation,rmCLSKonumİçin,0,False,rmCLSToLocation
292,False,False,False,True,False,,,255,False,False,rmCLSToDevice,rmCLSToDevice,rmCLSToDevice,rmCLSToDevice,rmCLSToDevice,rmCLSToDevice,rmCLSToDevice,rmCLSToDevice,rmCLSToDevice,rmCLSToDevice,rmCLSCihazİçin,0,False,rmCLSToDevice
293,False,False,False,True,False,,,255,False,False,rmCLSToPin,rmCLSToPin,rmCLSToPin,rmCLSToPin,rmCLSToPin,rmCLSToPin,rmCLSToPin,rmCLSToPin,rmCLSToPin,rmCLSToPin,rmCLSPinİçin,0,False,rmCLSToPin
294,False,False,False,True,False,,,255,False,False,rmCLSCoreNumber,rmCLSCoreNumber,rmCLSCoreNumber,rmCLSCoreNumber,rmCLSCoreNumber,rmCLSCoreNumber,rmCLSCoreNumber,rmCLSCoreNumber,rmCLSCoreNumber,rmCLSCoreNumber,rmCLSDamarNumarası,0,False,rmCLSCoreNumber
295,False,False,False,True,False,,,255,False,False,rmCLSSignalName,rmCLSSignalName,rmCLSSignalName,rmCLSSignalName,rmCLSSignalName,rmCLSSignalName,rmCLSSignalName,rmCLSSignalName,rmCLSSignalName,rmCLSSignalName,rmCLSSinyalAdı,0,False,rmCLSSignalName
312,False,False,False,False,False,,,255,False,False,rmCLSFooter,rmCLSFooter,rmCLSFooter,rmCLSFooter,rmCLSFooter,rmCLSFooter,rmCLSFooter,rmCLSFooter,rmCLSFooter,rmCLSFooter,rmCLSAltbilgi,0,False,rmCLSFooter
320,False,False,False,True,False,,,255,False,False,rmCRPHeaderDocumentType,rmCRPHeaderDocumentType,rmCRPHeaderDocumentType,rmCRPHeaderDocumentType,rmCRPHeaderDocumentType,rmCRPHeaderDocumentType,rmCRPHeaderDocumentType,rmCRPHeaderDocumentType,rmCRPHeaderDocumentType,rmCRPHeaderDocumentType,rmCRPBaşlıkDeğişimTipi,0,False,rmCRPHeaderDocumentType
321,False,False,False,True,False,,,255,False,False,rmCRPHeaderAssignment,rmCRPHeaderAssignment,rmCRPHeaderAssignment,rmCRPHeaderAssignment,rmCRPHeaderAssignment,rmCRPHeaderAssignment,rmCRPHeaderAssignment,rmCRPHeaderAssignment,rmCRPHeaderAssignment,rmCRPHeaderAssignment,rmCRPBaşlıkAtama,0,False,rmCRPHeaderAssignment
322,False,False,False,True,False,,,255,False,False,rmCRPHeaderLocation,rmCRPHeaderLocation,rmCRPHeaderLocation,rmCRPHeaderLocation,rmCRPHeaderLocation,rmCRPHeaderLocation,rmCRPHeaderLocation,rmCRPHeaderLocation,rmCRPHeaderLocation,rmCRPHeaderLocation,rmCRPBaşlıkKonum,0,False,rmCRPHeaderLocation
323,False,False,False,True,False,,,255,False,False,rmCRPHeaderSheet,rmCRPHeaderSheet,rmCRPHeaderSheet,rmCRPHeaderSheet,rmCRPHeaderSheet,rmCRPHeaderSheet,rmCRPHeaderSheet,rmCRPHeaderSheet,rmCRPHeaderSheet,rmCRPHeaderSheet,rmCRPBaşlıkSayfa,0,False,rmCRPHeaderSheet
324,False,False,False,True,False,,,255,False,False,rmCRPHeaderChangeIndex,rmCRPHeaderChangeIndex,rmCRPHeaderChangeIndex,rmCRPHeaderChangeIndex,rmCRPHeaderChangeIndex,rmCRPHeaderChangeIndex,rmCRPHeaderChangeIndex,rmCRPHeaderChangeIndex,rmCRPHeaderChangeIndex,rmCRPHeaderChangeIndex,rmCRPBaşlıkDeğişimEndeks,0,False,rmCRPHeaderChangeIndex
325,False,False,False,True,False,,,255,False,False,rmCRPHeaderChangeReason,rmCRPHeaderChangeReason,rmCRPHeaderChangeReason,rmCRPHeaderChangeReason,rmCRPHeaderChangeReason,rmCRPHeaderChangeReason,rmCRPHeaderChangeReason,rmCRPHeaderChangeReason,rmCRPHeaderChangeReason,rmCRPHeaderChangeReason,rmCRPBaşlıkDeğişimNedeni,0,False,rmCRPHeaderChangeReason
326,False,False,False,True,False,,,255,False,False,rmCRPHeaderChangeDate,rmCRPHeaderChangeDate,rmCRPHeaderChangeDate,rmCRPHeaderChangeDate,rmCRPHeaderChangeDate,rmCRPHeaderChangeDate,rmCRPHeaderChangeDate,rmCRPHeaderChangeDate,rmCRPHeaderChangeDate,rmCRPHeaderChangeDate,rmCRPBaşlıkDeğişiklikTarihi,0,False,rmCRPHeaderChangeDate
327,False,False,False,True,False,,,255,False,False,rmCRPHeaderChangeUser,rmCRPHeaderChangeUser,rmCRPHeaderChangeUser,rmCRPHeaderChangeUser,rmCRPHeaderChangeUser,rmCRPHeaderChangeUser,rmCRPHeaderChangeUser,rmCRPHeaderChangeUser,rmCRPHeaderChangeUser,rmCRPHeaderChangeUser,rmCRPBaşlıkDeğişimKullanıcı,0,False,rmCRPHeaderChangeUser
335,False,False,False,True,False,,,255,False,False,rmCRPDocumentType,rmCRPDocumentType,rmCRPDocumentType,rmCRPDocumentType,rmCRPDocumentType,rmCRPDocumentType,rmCRPDocumentType,rmCRPDocumentType,rmCRPDocumentType,rmCRPDocumentType,rmCRPBelgeTipi,0,False,rmCRPDocumentType
336,False,False,False,True,False,,,255,False,False,rmCRPAssignment,rmCRPAssignment,rmCRPAssignment,rmCRPAssignment,rmCRPAssignment,rmCRPAssignment,rmCRPAssignment,rmCRPAssignment,rmCRPAssignment,rmCRPAssignment,rmCRPAtama,0,False,rmCRPAssignment
337,False,False,False,True,False,,,255,False,False,rmCRPLocation,rmCRPLocation,rmCRPLocation,rmCRPLocation,rmCRPLocation,rmCRPLocation,rmCRPLocation,rmCRPLocation,rmCRPLocation,rmCRPLocation,rmCRPKonum,0,False,rmCRPLocation
338,False,False,False,True,False,,,255,False,False,rmCRPSheet,rmCRPSheet,rmCRPSheet,rmCRPSheet,rmCRPSheet,rmCRPSheet,rmCRPSheet,rmCRPSheet,rmCRPSheet,rmCRPSheet,rmCRPSayfa,0,False,rmCRPSheet
339,False,False,False,True,False,,,255,False,False,rmCRPChangeIndex,rmCRPChangeIndex,rmCRPChangeIndex,rmCRPChangeIndex,rmCRPChangeIndex,rmCRPChangeIndex,rmCRPChangeIndex,rmCRPChangeIndex,rmCRPChangeIndex,rmCRPChangeIndex,rmCRPDeğişimEndeks,0,False,rmCRPChangeIndex
340,False,False,False,True,False,,,255,False,False,rmCRPChangeReason,rmCRPChangeReason,rmCRPChangeReason,rmCRPChangeReason,rmCRPChangeReason,rmCRPChangeReason,rmCRPChangeReason,rmCRPChangeReason,rmCRPChangeReason,rmCRPChangeReason,rmCRPDeğişimNedeni,0,False,rmCRPChangeReason
341,False,False,False,True,False,,,255,False,False,rmCRPChangeDate,rmCRPChangeDate,rmCRPChangeDate,rmCRPChangeDate,rmCRPChangeDate,rmCRPChangeDate,rmCRPChangeDate,rmCRPChangeDate,rmCRPChangeDate,rmCRPChangeDate,rmCRPDeğişimTarihi,0,False,rmCRPChangeDate
342,False,False,False,True,False,,,255,False,False,rmCRPChangeUser,rmCRPChangeUser,rmCRPChangeUser,rmCRPChangeUser,rmCRPChangeUser,rmCRPChangeUser,rmCRPChangeUser,rmCRPChangeUser,rmCRPChangeUser,rmCRPChangeUser,rmCRPDeğişimKullanıcı,0,False,rmCRPChangeUser
349,False,False,False,True,False,,,255,False,False,rmCRPFooter,rmCRPFooter,rmCRPFooter,rmCRPFooter,rmCRPFooter,rmCRPFooter,rmCRPFooter,rmCRPFooter,rmCRPFooter,rmCRPFooter,rmCRPAltbilgi,0,False,rmCRPFooter
359,False,False,False,False,False,PanelWireClass,,0,False,False,Clase de conexión,连接类,Verbindungsklasse,Connection Class,Classe de connexion,Classe connessione,接続クラス,verbindingsklas,Classe de Conexão,Класс соединения,Bağlantı Klası,0,False,Klasa połączenia
370,True,True,False,False,False,,,80,True,True,,,Bauteiltyp (Klemmenplan Blattformat),Component code (Terminal plan sheet symbol),,,,,,,,0,False,Kod komponentu (Symbol arkusza do zestawienia złączek listwowych)
400,False,False,False,False,False,,,0,False,False,Hoja de bornes gráfica (Referencia cruzada de borne),图形端子图(端子相互参考),Graf. Klemmenplan (Klemmenquerverweis),Graph. Terminal plan (Term. Cross reference),Plan de borne graphique (Nom de brin),Schema grafico morsettiere (rimandi morsetto),グラフ. ターミナルプラン(ターミナル. クロスリファレンス),graf. klemmen plan (klemmenkruisverwijzing),Plan. de Bornes Gráfica (Ref. cruzada de Bornes),Схема подключений (клемма - ссылка),Grafik Terminal plan (Term. Çapraz referans),0,False,Graf. Zestawienie złączek listwowych (Referencja krosowa)
401,False,False,False,False,False,,,0,False,False,Hoja de bornes gráfica (Nombre pin de borne),图形端子图(端子针脚名),Graf. Klemmenplan (Klemmenname),Graph. Terminal plan (Term. Pin name),Plan de borne graphique (Fonction pour destination),Schema grafico morsettiere (Sigla morsetto),グラフ. ターミナルプラン(ターミナル. ピン名),graf. klemmen plan (klemmennaam),Plan. de Bornes Gráfica (Nome do pino do Borne),Схема подключений (клемма - имя вывода),Grafik Terminal plan (Term. Pin adı),0,False,Graf. Zestawienie złączek listwowych (Nazwa pinu)
402,False,False,False,False,False,,,0,False,False,Hoja de bornes gráfica (Desig. dispositivo de borne),图形端子图(端子器材特征符号),Graf. Klemmenplan (Klemmen BMK),Graph. Terminal plan (Term. Device designation),Plan de borne graphique (Ref. croisées bornes),Schema grafico morsettiere (Designazione dispositivo morsetto),グラフ. ターミナルプラン(ターミナル. デバイス識別名),graf. klemmen plan (klemmenstrookbenaming),Plan. de Bornes Gráfica (Função para designação),Схема подключений (клемма - поз. обозначение),Grafik Terminal plan (Term. Cihaz atama),0,False,Graf. Zestawienie złączek listwowych (Oznaczenie urządzenia)
403,False,False,False,False,False,,,0,False,False,Hoja de bornes gráfica (Función para destino),图形端子图(对于特征符号功能),Graf. Klemmenplan (Funktion beim Zielbauteil),Graph. Terminal plan (Function for destination),Plan de borne graphique (Nom de pin bornes),Schema grafico morsettiere (Funzione della destinazione),グラフ. ターミナルプラン(接続先の機能),graf. klemmen plan (functie voor bestemming),Plan. de Bornes Gráfica (Função para destino),Схема подключений (адрес2 - Устройство) ,Grafik Terminal plan ( Fonksiyon hedef için),0,False,Graf. Zestawienie złączek listwowych (Funkcja dla celu)
404,False,False,False,False,False,,,0,False,False,Hoja de bornes gráfica (Nombre de la vena),图形端子图(芯线名),Graf. Klemmenplan (Adername),Graph. Terminal plan (Core name),Plan de borne graphique (Désignation bornes),Schema grafico morsettiere (Sigla conduttore),グラフ. ターミナルプラン(コア名),graf. klemmen plan (adernaam),Plan. de Bornes Gráfica (Nome do condutor),Схема подключений (имя жилы),Grafik Terminal plan ( Damar adı),0,False,Graf. Zestawienie złączek listwowych (Nazwa żyły)
405,False,False,False,False,False,,,0,False,False,Hoja Gráfica de Bornes (Atributo 1 para destino),图形端子图(对于特征符号属性1),Graf. Klemmenplan (Attribut 1 beim Zielbauteil),Graph. Terminal plan (Attribute 1 for destination),Plan de bornes graph. (attribut 1 au composant cible),Schema grafico morsettiere (attributo 1 della destinazione),グラフ. ターミナルプラン(接続先属性1),graf. klemmen plan (attribuut 1 voor doelcomponent),Plan. de Bornes Gráfica (Atributo 1 para destino),Схема подключений (атрибут 1 для адреса2),Grafik Terminal plan ( Özellik 1 hedef için),0,False,Graf. Zestawienie złączek listwowych (Atrybut 1 dla celu)
406,False,False,False,False,False,,,0,False,False,Hoja Gráfica de Bornes (Atributo 2 para destino),图形端子图(对于特征符号属性2),Graf. Klemmenplan (Attribut 2 beim Zielbauteil),Graph. Terminal plan (Attribute 2 for destination),Plan de bornes graph. (attribut 2 au composant cible),Schema grafico morsettiere (attributo 2 della destinazione),グラフ. ターミナルプラン(接続先属性2),graf. klemmen plan (attribuut 2 voor doelcomponent),Plan. de Bornes Gráfica (Atributo 2 para destino),Схема подключений (атрибут 2 для адреса2),Grafik Terminal plan ( Özellik 2 hedef için),0,False,Graf. Zestawienie złączek listwowych (Atrybut 2 dla celu)
407,False,False,False,False,False,,,0,False,False,Hoja Gráfica de Bornes (Atributo 3 para destino),图形端子图(对于特征符号属性3),Graf. Klemmenplan (Attribut 3 beim Zielbauteil),Graph. Terminal plan (Attribute 3 for destination),Plan de bornes graph. (attribut 3 au composant cible),Schema grafico morsettiere (attributo 3 della destinazione),グラフ. ターミナルプラン(接続先属性3),graf. klemmen plan (attribuut 3 voor doelcomponent),Plan. de Bornes Gráfica (Atributo 3 para destino),Схема подключений (атрибут 3 для адреса2),Grafik Terminal plan ( Özellik 3 hedef için),0,False,Graf. Zestawienie złączek listwowych (Atrybut 3 dla celu)
408,False,False,False,False,False,,,0,False,False,Hoja Gráfica de Bornes (Atributo 4 para destino),图形端子图(对于特征符号属性4),Graf. Klemmenplan (Attribut 4 beim Zielbauteil),Graph. Terminal plan (Attribute 4 for destination),Plan de bornes graph. (attribut 4 au composant cible),Schema grafico morsettiere (attributo 4 della destinazione),グラフ. ターミナルプラン(接続先属性4),graf. klemmen plan (attribuut 4 voor doelcomponent),Plan. de Bornes Gráfica (Atributo 4 para destino),Схема подключений (атрибут 4 для адреса2),Grafik Terminal plan ( Özellik 5 hedef için),0,False,Graf. Zestawienie złączek listwowych (Atrybut 4 dla celu)
409,False,False,False,False,False,,,0,False,False,Hoja Gráfica de Bornes (Atributo 5 para destino),图形端子图(对于特征符号属性5),Graf. Klemmenplan (Attribut 5 beim Zielbauteil),Graph. Terminal plan (Attribute 5 for destination),Plan de bornes graph. (attribut 5 au composant cible),Schema grafico morsettiere (attributo 5 della destinazione),グラフ. ターミナルプラン(接続先属性5),graf. klemmen plan (attribuut 5 voor doelcomponent),Plan. de Bornes Gráfica (Atributo 5 para destino),Схема подключений (атрибут 5 для адреса2),Grafik Terminal plan ( Özellik 4 hedef için),0,False,Graf. Zestawienie złączek listwowych (Atrybut 5 dla celu)
410,False,False,False,False,False,WireNumber,,0,False,False,Nº de hilo,电线号码,Drahtnummer,Wire number,Numéro de fil,Numero filo,ワイヤ番号,draadnummer,Número de fio,Номер провода,Tel numarası ,0,False,Numer przewodu
411,False,False,False,False,False,BOMpos,,0,False,False,Posición de LdM,工作材料表位置,Stücklisten Position,BOM Position,BOM Position,Posizione Distinta,部品表位置,stuklijstpositie,Posição LdM,Позиция спецификации,BOM Pozisyon,0,False,Pozycja BOM
412,False,False,False,False,False,WireNumber_Wire,,0,False,False,Número de hilo (vena),Wire number (core),Drahtnummer (Ader),Wire number (core),Numéro de fil (brin),Numero filo (conduttore),ワイヤ番号(コア),draadnummer (ader),Número do fio,Номер провода (жилы),Tel numarası (Damar),0,False,Numer przewodu (żyła)
413,False,False,False,False,False,WireNumber_Add,,0,False,False,Número adicional de hilo,Additional Wire number,Zusätzliche Drahtnummer,Additional Wire number,Numéro de fil additionnel,Numero filo addizionale,追加ワイヤ番号,extra draad nummer,Número do fio adicional,Дополнительный номер провода,Ek Tel numarası,0,False,Dodatkowy numer przewodu
414,False,False,False,False,False,.CONNECTOR_NAME,,0,False,False,Designación interna de objeto,Internal Item Designation,Internes Betriebsmittelkennzeichen,Internal Item Designation,Désignation interne d'élément,Designazione interna di Dispositivo,内部アイテム識別名,interne item benaming,Designação do item interno,Внутреннее озиционное обозначение,iç öğe atama,0,False,Wewnętrzne oznaczenie elementu
415,False,False,False,False,False,Symbolpintext-extended,,0,False,False,Texto extendido de pin de símbolo,符号针脚扩展文本,Erweiterter Symbol Anschlusstext,Symbol pin text extended,Texte étendu de la broche de symbole,Testo pin simbolo esteso,拡張シンボルピンテキスト,symbool pin text (vergrotert),Texto extendido de símbolo de pino,Дополнительная надпись символа вывода,Genişletilmiş sembol pin metni,0,False,Rozszerzony tekst symbolu pinu
416,False,False,False,False,False,Description_text,,0,False,False,Descripción de pin,管脚描述,Anschluss Beschreibung,pin description,Description de broche,Descrizione pin,ピン表記,pin beschrijving,Descrição de pino,описание вывода,pin açıklaması,0,False,Opis pinu
417,False,False,False,False,False,NetSegCrossSection,,0,False,False,Sección cruzada de segmento de red,线段横截面,Netzsegment Querschnitt,Net segment cross-section,Coupe transversale du segment de réseau,Sezione segmento,セグメントの断面積,net segment doorsnede,Seção transversal do segmento de rede,Окружность сегмента цепи,Net kesiti,0,False,Przekrój segmentu sieci
418,False,False,False,False,False,NetSegCircumference,,0,False,False,Circunferencia de segmento de red,线段周长,Netzsegment Umfang,Net segment circumference,Circonférence du segment de réseau,Circonferenza segmento,セグメントの外周,net segment omvang,Circunferência do segmento de rede,Сечение сегмента цепи,Net çevresi,0,False,Obwód segmentu sieci
420,False,False,False,False,False,Function,,25,False,False,Función dispositivo,设备功能,Betriebsmittel-Funktion,Device function,Fonction d'appareil,Funzione dispositivo,デバイス機能,functie van het toestel,Função de dispositivo,Функция изделия в проекте,Cihaz Fonsiyonu,0,False,Funkcja urządzenia
421,False,False,False,False,False,DeviceSubFunction,,0,False,False,Sub-función dispositivo,Device sub-function,Betriebsmittel-Unterfunktion,Device sub-function,Sous-fonction d'appareil,Sottofunzione dispositivo,デバイスサブ機能,sub-functie van het toestel,Sub-função do dispositivo,Device sub-function,Cihaz alt-işlev,0,False,Podfunkcja urządzenia
423,False,False,False,False,False,Dismanteling,,0,False,False,Dismanteling (mm),剥绝缘皮(mm),Abmantelung (mm),Amount of insulation to be cut back/stripped (mm),Dénudage (mm),Sguainatura (mm),剥きしろ(mm),ontmanteling (mm),Decapagem (mm),Длина жилы без оболочки кабеля (мм),Parça boyutu(mm),0,False,Ilość izolacji do usunięcia/odizolowania (mm)
424,False,False,False,False,False,.ISOLATE,,0,False,False,Aislamiento,绝缘,Abisolierung,Insulation,Isolation,Spelatura,絶縁体,isolatie,Isolamento,Изоляция,İzolasyon,0,False,Izolacja
425,False,False,False,False,False,Dismanteling_Shield,,0,False,False,Dismanteling Shield (mm),剥绝缘皮 Shield (mm),Abmantelung Schirm (mm),Amount of insulation to be cut back/stripped Shield (mm),Dénudage Shield (mm),Sguainatura Shield (mm),剥きしろShield (mm),ontmanteling Shield (mm),Decapagem Shield (mm),Длина жилы без оболочки кабеля Shield (мм),Parça boyutu Shield (mm),0,False,Ilość izolacji do usunięcia/odizolowania dla ekranu (mm)
430,False,False,False,False,False,NominalWidth,,3,False,False,Anchura nominal,正常宽度,Nennweite,Nominal Width,Largeur nominale,Sezione nominale,公称幅,nominale breedte,Largura nominal,Номинальная ширина,Nominal Genişlik,0,False,Nominalna szerokość
440,False,False,False,False,False,PlcFunctionType,,0,False,False,,,#440,PLC Function Type,,,,,,,,0,False,PLC Typ Funkcji
443,False,False,False,False,False,Length,,0,False,False,Longitud,长度,Länge,Length,Longueur,Lunghezza,長さ,lengte,Comprimento,Длина,Uzunluk,0,False,Długość
450,False,False,False,False,False,BundleType,,0,False,False,Tipo de bundle,线束类型,Bündeltyp,Bundle Type,Type de faisceau,Tipo fascio,バンドルタイプ,bundeltype,Tipo de Agrupamento,Тип изоляции жил,Paket Türü,0,False,Typ wiązki
468,False,False,False,False,False,PID_EMSR-Function,,0,False,False,PID EMSR-Points-Function,PID EMSR-Points-Function,PID EMSR-Stellen-Funktion,PID EMSR-Points-Function,PID fonction points EMSR,PID EMSR-Points-Function,P&ID EMSR識別名,PID EMSR-Points-Function,PID EMSR-Points-Function,PID EMSR-Points-Функция,PID EMSR-Nokta-Fonksiyon,0,False,PID EMSR-Funkcja-Punktów
469,False,False,False,False,False,PID_EMSR-ItemDesignation,,0,False,False,PID EMSR-Points-Item Designation,PID EMSR-Points-Item Designation,PID EMSR-Stellen-Kennzeichen,PID EMSR-Points-Item Designation,PID désignation d'élément points EMSR,PID EMSR-Points-Item Designation,P&ID EMSRファンクション,PID EMSR-Points-Item Designation,PID EMSR-Points-Item Designation,PID EMSR-Points-Поз. Обозначение,PID EMSR-Nokta-Parması,0,False,PID EMSR - Punkty - Oznaczenie urządzenia
470,False,False,False,False,False,DeviceName_Electrical,,0,False,False,Designación de Objeto - eléctrica,设备特征符号电子,Betriebsmittelkennzeichen Elektrisch,Item Designation Electric,Item Designation Electric,Designazione Dispositivo - Elettrica,デバイス機能 (1),toestelbenaming elektrisch,Designação de Item Elétrico,Обозначение электрической схемы,Öğe Atama Akışkan,0,False,Elektryczne Oznaczenie Elementu
471,False,False,False,False,False,DeviceName_Fluid,,0,False,False,Designación de Objeto - Fluid,设备特征符号流体,Betriebsmittelkennzeichen Fluid,Item Designation Fluid,Item Designation Fluid,Designazione Dispositivo - Fluidica,アイテム識別名(電気),toestelbenaming fluid,Designação de Item Hidráulico,Обозначение гидравлической схемы,Öğe Atama Pnömatik,0,False,Hydr./Pneu. Oznaczenie Elementu
472,False,False,False,False,False,DeviceName_Pneumatic,,20,False,False,Designación de Objeto - neumática,设备特征符号气动,Betriebsmittelkennzeichen Pneumatik,Item Designation Pneumatic,Item Designation Pneumatic,Designazione Dispositivo - Pneumatica,アイテム識別名(空力),toestelbenaming pneumatisch,Designação de Item Pneumático,Обозначение пневматической схемы,Öğe Atama Elektrik,0,False,Pneumatyczne Oznaczenie Elementu
473,False,False,False,False,False,Device_Text_Instances,,0,False,False,Designación interna de objeto eléctrico,内部对象代号电气,Betriebsmittelkennzeichen (Text Instanz),Item Designation (Text Instance),"Désignation d'élément interne, électrique",Designazione Dispositivo (istanza del testo),内部アイテム識別名電気,interne toestelbenaming (elektrisch),designação elétrica de item interno,внутреннее позиционное обозначение - электрика,İç Öğe Atama Elektrik,0,False,Oznaczenie Elementu (Instancja Tekstu)
482,False,False,False,False,False,AdditionalPart,,0,False,False,Parte adicional,附加零件,Zusatzteil,Additional Part,Pièce supplémentaire,Parte addizionale,追加パート,bijvoegsel,Peça Adicional,Дополнительная часть,Ek Bölüm,0,False,Dodatkowy Element
483,False,False,False,False,False,Step,,0,False,False,Incremento,增量,Schrittweite,Increment,Incrément,Passo,予備 (1),increment,Incremento,Шаг масштабирования,artış,0,False,Przyrost
484,False,False,False,False,False,,,0,False,False,Estado,状态,Zustand,State,State,Stato,状態,toestand,Estado,Режим,Durum,0,False,Stan
490,False,False,False,False,False,,,0,False,False,Identificador de hilo,电线标识符,Drahtkennzeichnung,Wire Identifier,Identificateur de fil,Identificatore filo,ワイヤID,draadkenteken,Identificador de fio,Идентификатор провода,Tel Tanımlayıcı ,0,False,Idenfyfikator Przewodu
1021,True,True,False,False,False,,,128,True,True,Nombre Proyecto,項目名稱,Projektname,Project name,Nom projet,Nome Progetto,プロジェクト名,projectnaam,Nome do Projeto,название проекта,Proje adı,0,False,Nazwa projektu
1059,True,True,False,False,False,,,80,False,True,,,Bauteiltyp (Klemmenplan Tabellensymbol),Component code (Terminal plan table),,,,,,,,0,False,Kod komponentu (Plan złączek listwowych)
1067,True,True,False,False,False,,,0,True,True,Fecha de modificación (sheet),修改日期 (sheet),Bearbeitungsdatum (Blatt),Date of modification (sheet),Date de modification (sheet),Data di editazione (sheet),変更日 (sheet),wijzigingsdatum (sheet),Data de modificação (sheet),Дата изменения (sheet),Değişiklik tarihi (sheet),0,False,Data modyfikacji (arkusz)
1092,True,True,False,False,False,,,0,False,True,Referencia de la original a la vista,Reference from original  to view,Verweis vom Original auf Ansicht,Reference from original  to view,Référence d'original vers vue,Referenza da originale a vista,オリジナルからビューへのリファレンス,referentie van originaal naar visie,Referência do Original para Vista,Ссылка от оригинала к виду,Referans görünümde orijinali görmek için,0,False,Referencja z orginału do widoku
1093,True,True,False,False,False,,,0,False,True,Referencia de la vista a la original,Reference from view to original,Verweis von Ansicht auf Original,Reference from view to original,Référence de vue vers original,Referenza da vista a originale,ビューからオリジナルへのリファレンス,referentie van visie naar originaal,Referência da Vista para Original ,Ссылка от вида к оригиналу,Referans orijinalden görünümü görmek için ,0,False,Referencja z widoku do orginału
1094,True,True,False,False,False,.ENTRY_PORT,,0,False,True,Nombre de puerto,Port name,Klemmstellenname,Port name,Nom de serrage,Nome porta,ポート名,port naam,Nome da Porta,Имя порта,Port adı,0,False,Nazwa portu
1095,True,True,False,False,False,,,0,False,True,Nombre de puerto del armario,Port name from panel,Klemmstelle von Schaltschrank,Port name from panel,Nom de serrage de l'armoire,Nome porta da panel,パネルからのポート名,port naam van panel,Nome da Porta pelo Painel,Имя порта из компоновки,Port adı panelden,0,False,Nazwa portu z Panel
5000,False,False,False,False,False,saberModel,,255,False,False,Nombre de modelo Saber,Saber 模型名称,Saber Bauformname,Saber Model Name,Nom de modèle Saber,Saber - Modello,SABERモデル名,Saber model naam,Saber Nome do modelo ,Saber Имя модели,Saber Model Adı,0,False,Saber Nazwa Modelu
5001,False,False,False,False,False,saberLib,,255,False,False,Librería Saber,Saber 库,Saber Datenbank,Saber Library,Bibliothèque Saber,Saber - Libreria,SABERライブラリ,Saber bibliotheek,Saber Biblioteca ,Saber Библиотека,Saber Kütüphane,0,False,Saber Biblioteka
5002,False,False,False,False,False,saberParam1,,255,False,False,Perímetro 1 Saber,Saber 参数 1,Saber Parameter 1,Saber Parameter 1,Paramètre 1 Saber,Saber - Parameter 1,SABERパラメータ1,Saber parameter 1,Saber Parâmetro 1 ,Saber Параметр 1,Saber Parametre 1,0,False,Saber Parametr 1
5003,False,False,False,False,False,saberPin,,255,False,False,Pin  Saber,Saber 针脚,Saber Pin,Saber Pin,Broche Saber,Saber - Pin,SABERピン,Saber pin,Saber Pin,Saber Вывод,Saber Pin,0,False,Saber Pin
5100,False,False,False,True,False,E3.ePLM_FunctionName,,255,False,False,Nombre de Función E3.ePLM,E3.ePLM 功能名称,E3.ePLM Aktion,E3.ePLM FunctionName,NomFonction E3.ePLM,E3.ePLM FunctionName,E3.ePLM 機能名,E3.ePLM functie naam,Nome da Função E3.ePLM,E3.ePLM ИмяФункции,E3.ePLM FonksiyonAdı,0,False,E3.ePLM NazwaFunkcji
5101,False,False,False,True,False,E3.ePLM_Description,,255,False,False,Descripción E3.ePLM,E3.ePLM 描述,E3.ePLM Aktionsbeschreibung,E3.ePLM Description,Description E3.ePLM,E3.ePLM Description,E3.ePLM 表記,E3.ePLM beschrijving,Descrição E3.ePLM,E3.ePLM Описание,E3.ePLM Açıklama,0,False,E3.ePLM Opis
5102,False,False,False,True,False,E3.ePLM_Function,,255,False,False,Función E3.ePLM,E3.ePLM 功能,E3.ePLM Funktion,E3.ePLM Function,Fonction E3.ePLM,E3.ePLM Function,E3.ePLM機能,E3.ePLM functie,Função E3.ePLM,E3.ePLM Функция,E3.ePLM Fonksiyon,0,False,E3.ePLM Funkcja
5200,False,False,False,False,False,widgenVariantOption,,255,False,False,Opción E3.WiDGen,E3.WiDGen 选项,E3.WiDGen Option,E3.WiDGen Option,Option E3.WiDGen,E3.WiDGen - Option,E3.WiDGen オプション,E3.WiDGen optie,Opção E3.WiDGen,E3.WiDGen Опция,E3.WiDGen Ayarlar,0,False,E3.WiDGen Opcja
5201,False,False,False,False,False,widgenPindescription,,255,False,False,Función de pun E3.WiDGen,E3.WiDGen 针脚功能,E3.WiDGen Pinfunktion,E3.WiDGen Pinfunction,FonctionBroche E3.WiDGen,E3.WiDGen - Pinfunction,E3.WiDGen 論理ピン,E3.WiDGen pin functie,Função do Pin E3.WiDGen,E3.WiDGen ФункцияВывода,E3.WiDGen Pinfonksiyon,0,False,E3.WiDGen FunkcjaPinu
87,False,False,False,False,False,Attr4ViewSymbol,,0,False,False,,视图符号的使用属性,Attribute das vom Ansichts Symbol benutzt wird,Attribute for use from View Symbol,Attribut pour utilisation par symbole de vue,Attributo dal simbolo di vista,ビューシンボルからの使用属性,Attribuut gebruikt door weergave symbool,,Атрибут для использования из символа изображения,Sembol Görünümünden kullanım niteliği,0,False,Atrybut z widoku symbolu
88,False,False,False,False,False,Function,,0,False,False,,文字功能属性,Text Function Attribute,Text Function Attribute,Attribut de texte fonctionnel,Testo attributo funzione,テキストファンクション属性,Text functie attribuut,,Атрибут надписи функции,Fonksiyon niteliğinin metni,0,False,
89,False,False,False,False,False,ArticleType,,0,False,False,,物料类型,Artikel Typ,Article Type,Type d'article,Tipo articolo,型式,Artikel type,,Тип компонента,Nesne Tipi ,0,False,
74,False,False,False,False,False,PlcTopologyNet,,0,False,False,,PLC拓扑网络,SPS Topologie Netzwerk,PLC Topology Network,Réseau topologique API,PLC - Rete topologica,PLC トポロジネットワーク,PLC topologie netwerk,,ПЛК Сеть Топологии,PLC Topology Bağlantısı,0,False,
75,False,False,False,False,False,PlcTopology,,0,False,False,,PLC拓扑,SPS Topologie,PLC Topology,Topologie API,PLC - Topologia,PLC トポロジ,PLC topologie,,ПЛК Топология,PLC Topology ,0,False,
76,False,False,False,False,False,PlcNetType,,0,False,False,,PLC网络类型,SPS Netzwerk Typ,PLC Network Type,Type de réseau API,PLC - Tipo rete,PLC ネットワークタイプ,PLC netwerk type,,ПЛК Тип сети,PLC Bağlantı Tipi,0,False,
77,False,False,False,False,False,PlcPositionNumber,,0,False,False,,PLC位置编号,SPS Positions Nummer,PLC Position Number,Numéro de position API,PLC - Numero di posizione,PLC 位置番号,PLC positie nummer,,ПЛК Номер позиции,PLC Yerleştirme Numarası,0,False,
