Color,ColorCode,Linetype,Type,DESCRIPTION_34,DESCRIPTION_86,DESCRIPTION_49,DESCRIPTION_44,DESCRIPTION_33,DESCRIPTION_39,DESCRIPTION_81,DESCRIPTION_31,DESCRIPTION_351,DESCRIPTION_07,DESCRIPTION_90,DESCRIPTION_48
256,1,0,0,Negro,黑,Schwarz,Black,Noir,Nero,黒,Zwart,Preto,черный,Siyah,Czarny
266,2,0,0,Blanco,白,Weiss,White,Blanc,Bianco,白,Wit,Branco,белый,Beyaz,Biały
269,3,0,0,Rojo,红,Rot,Red,Rouge,Rosso,赤,Rood,Vermelho,красный,Kırmızı,Czerwony
270,4,0,0,Verde,绿,Grün,Green,Vert,Verde,緑,Groen,Verde,зеленый,Yeşil,Zielony
286,5,0,0,Marrón,棕,Braun,Brown,Brun,Marrone,茶,Bruin,Marrom,коричневый,Kahverangi,Brązowy
272,6,0,0,Azul,蓝,Blau,Blue,Bleu,Blu,青,Blauw,Azul,голубой,Mavi,Niebieski
313,7,0,0,Naranja,橙,Orange,Orange,Orange,Arancione,オレンジ,Oranje,Laranja,оранжевый,Turuncu,Pomarańczowy
271,8,0,0,Amarillo,黄,Gelb,Yellow,Jaune,Giallo,黄色,Geel,Amarelo,желтый,Sarı,Żółty
261,9,0,0,Violeta,紫,Violett,Violet,Violet,Viola,紫,Violet,Violeta,фиолетовый,Menekşe rengi,Fioletowy
263,10,0,0,Gris,灰,Grau,Grey,Gris,Grigio,灰色,Grijs,Cinza,серый,Gri,Szary
273,11,0,0,Rosa,粉,Rosa,Pink,Rose,Rosa,ピンク,Rose,Rosa,розовый,Pembe,Różowy
319,12,0,0,Oro,金,Gold,Gold,Or,Oro,金,Goud,Dourado,золотистый,Altınrengi,Złoty
456,13,0,0,Turquesa,青绿,Türkis,Turquoise,Turquoise,Turchese,ターコイズ,Turkoois,Turquesa,бирюзовый,Turkuaz,Turkusowy
264,14,0,0,Plata,银,Silber,Silver,Argent,Argento,銀,Zilver,Prata,серебристый,Gümüş,Srebrny
0,15,5,0,Verde/Amarillo,绿-黄,Grün/Gelb,Green-Yellow,Vert/Jaune,Verde-Giallo,緑-黄,Groen/Geel,Verde-Amarelo,желто-зеленый,Yeşil-Sarı,Żółto-Zielony
416,16,0,0,Azul oscuro,深蓝,Dunkelblau,Dark blue,Bleu foncé,Blu scuro,紺,Donkerblauw,Azul escuro,синий,Koyu Mavi,Ciemnoniebieski
,17,0,1,polyethylene,聚乙烯,Polyethylen,polyethylene,Polyéthylène,Polietilene,ポリエチレン,Polyethyleen,Polietileno,полиэтилен,polietilen,Polietylen
0,18,0,1,plastic,塑料,Kunststoff,plastic,Plastique,Plastica,プラスチック,Plastik,Plástico,пластик,plastik,plastik
0,19,0,1,copper,铜,Kupfer,copper,Cuivre,Rame,カッパー,Koper,Cobre,медный,bakır,miedź
0,20,0,0,Transparente,透明,Transparent,Transparent,Transparent,Trasparente,透明,Transparent,Transparente,Прозрачный,Saydam,Przeźroczysty
0,21,0,0,GrisRosa,灰品色,GrauRosa,GreyPink,GrisRose,GrigioRosa,グレーピンク,GrijsRoze,Cinza e Rosa,Серо-розовый,GriPembe,SzaroRóżowy
0,22,0,0,RojoAzul,红蓝色,RotBlau,RedBlue,RougeBleu,RossoBlu,赤青,RoodBlau,Vermelho e Azul,Красно-синий,KırmızıMavi,CzerwonoNiebieski
0,23,0,0,BlancoVerde,白绿色,WeissGrün,WhiteGreen,BlancVert,BiancoVerde,白緑,WitGroen,Branco e Verde,Бело-зеленый,BeyazYeşil,BiałoZielony
0,24,0,0,MarrónVerde,棕绿色,BraunGrün,BrownGreen,BrunVert,MarroneVerde,茶緑,BruinGroen,Marrom e Verde,Коричнево-зеленый,KahverangiYeşil,BrązowoZielony
0,25,0,0,BlancoAmarillo,白黄色,WeissGelb,WhiteYellow,BlancJaune,BiancoGiallo,白黄,WitGeel,Branco e Amarelo,Бело-желтый,BeyazSarı,BiałoŻółty
0,26,0,0,AmarilloMarrón,黄棕色,GelbBraun,YellowBrown,JauneBrun,GialloMarrone,黄茶,GeelBruin,Amarelo e Marrom,Желто-коричневый,SarıKahverengi,ŻółtoBrązowy
0,27,0,0,BlancoGris,灰白色,WeissGrau,WhiteGrey,BlancGris,BiancoGrigio,白グレー,WitGrijs,Branco e Cinza,Серо-коричневый,BeyazGri,BiałoSzary
0,28,0,0,GrisMarrón,灰褐色,GrauBraun,GreyBrown,GrisBrun,GrigioMarrone,グレー茶,GrijsBruin,Cinza e Marrom,Серо-коричневый (1),GriKahverengi,SzaroBrązowy
0,29,0,0,BlancoRosa,白品色,WeissRosa,WhitePink,BlancRose,BiancoRosa,白ピンク,WitRoze,Branco e Rosa,Бело-розовый,BeyazPembe,BiałoRóżowy
0,30,0,0,RosaMarrón,品棕色,RosaBraun,PinkBrown,RoseBrun,ViolaMarrone,ピンク茶,RozeBruin,Rosa e Marrom,Розово-коричневый,PembeKahverengi,RóżowoBrązowy
0,31,0,0,BlancoAzul,白蓝色,WeissBlau,WhiteBlue,BlancBleu,BiancoBlu,白青,WitBlau,Branco e Azul,Бело-синий,BeyazMavi,BiałoNiebieski
0,32,0,0,MarrónAzul,棕蓝色,BraunBlau,BrownBlue,BrunBleu,MarroneBlu,茶青,BruinBlau,Marrom e Azul,Коричнево-синий,KahverengiMavi,BrazowoNiebieski
0,33,0,0,BlancoRojo,白红色,WeissRot,WhiteRed,BlancRouge,BiancoRosso,白赤,WitRood,Branco e Vermelho,Бело-красный,BeyazKırmızı,BiałoCzerwony
0,34,0,0,MarrónRojo,红棕色,BraunRot,BrownRed,BrunRouge,MarroneRosso,茶赤,BruinRood,Marrom e Vermelho,Коричнево-красный,KahverengiKırmızı,BrązowoCzerwony
0,35,0,0,BlancoNegro,白黑色,WeissSchwarz,WhiteBlack,BlancNoir,BiancoNero,白黒,WitZwart,Branco e Preto,Бело-черный,BeyazSiyah,BiałoCzarny
0,36,0,0,MarrónNegro,棕黑色,BraunSchwarz,BrownBlack,BrunNoir,MarroneNero,茶黒,BruinZwart,Marrom e Preto,Коричнево-черный,KahverengiSiyah,BrązowoCzarny
0,37,0,0,GrisVerde,灰绿色,GrauGrün,GreyGreen,GrisVert,GrigioVerde,グレー緑,GrijsGroen,Cinza e Verde,Серо-зеленый,GriYeşil,SzaroZielony
0,38,0,0,AmarilloGris,黄灰色,GelbGrau,YellowGrey,JauneGris,GialloGrigio,黄グレー,GeelGrijs,Amarelo e Cinza,Желто-Серый,SarıGri,ŻółtoSzary
0,39,0,0,RosaVerde,品绿色,RosaGrün,PinkGreen,RoseVert,RosaGrigio,ピンク緑,RozeGroen,Rosa e Verde,Розово-зеленый,PembeYeşil,RóżowoZielony
0,40,0,0,AmarilloRosa,黄品色,GelbRosa,YellowPink,JauneRose,GialloRosa,黄ピンク,GeelRoze,Amarelo de Rosa,Желто-розовый,SarıPembe,ŻółtoRóżowy
0,41,0,0,VerdeAzul,蓝绿色,GrünBlau,GreenBlue,VertBleu,VerdeBlu,緑青,GroenBlau,Verde e Azul,Зелено-синий,YeşilMavi,ZielonoNiebieski
0,42,0,0,AmarilloAzul,黄蓝色,GelbBlau,YellowBlue,JauneBleu,GialloBlu,黄青,GeelBlau,Amarelo de Azul,Желто-синий,SarıMavi,ŻółtoNiebieski
0,43,0,0,VerdeRojo,绿红色,GrünRot,GreenRed,VertRouge,VerdeRosso,緑赤,GroenRood,Verde e Vermelho,Зелено-красный,YeşilKırmızı,ZielonoCzerwony
0,44,0,0,AmarilloRojo,黄红色,GelbRot,YellowRed,JauneRouge,GialloRosso,黄赤,GeelRood,Amarelo e Vermelho,Желто-красный,SarıKırmızı,ŻółtoCzerwony
0,45,0,0,VerdeNegro,墨绿色,GrünSchwarz,GreenBlack,VertNoir,VerdeNero,緑黒,GroenZwart,Verde e Preto,Зелено-черный,YeşilSiyah,ZielonoCzarny
0,46,0,0,AmarilloNegro,黑黄色,GelbSchwarz,YellowBlack,JauneNoir,GialloNero,黄黒,GeelZwart,Amarelo e Preto,Желто-черный,SarıSiyah,ŻółtoCzarny
0,47,0,0,GrisAzul,灰蓝色,GrauBlau,GreyBlue,GrisBleu,GrigioBlu,グレー青,GrijsBlau,Cinza e Azul,Серо-синий,GriMavi,SzaroNiebieski
0,48,0,0,RosaAzul,品蓝色,RosaBlau,PinkBlue,RoseBleu,RosaBlu,ピンク青,RozeBlau,Rosa e Azul,Розово-синий,PembeMavi,RóżowoNiebieski
0,49,0,0,GrisRojo,灰红色,GrauRot,GreyRed,GrisRouge,GrigioRosso,グレー赤,GrijsRood,Cinza e Vermelho,Серо-красный,GriKırmızı,SzaroCzerwony
0,50,0,0,RosaRojo,品红色,RosaRot,PinkRed,RoseRouge,ViolaRosso,ピンク赤,RozeRood,Rosa e Vermelho,Розово-красный,PembeKırmızı,RóżowoCzerwony
0,51,0,0,GrisNegro,黑灰色,GrauSchwarz,GreyBlack,GrisNoir,GrigioNero,グレー黒,GrijsZwart,Cinza e Preto,Серо-черный,GriSiyah,SzaroCzarny
0,52,0,0,RosaNegro,品黑色,RosaSchwarz,PinkBlack,RoseNoir,RosaNero,ピンク黒,RozeZwart,Rosa e Preto,Розово-черный,PembeSiyah,RóżowoCzarny
0,53,0,0,AzulNegro,蓝黑色,BlauSchwarz,BlueBlack,BleuNoir,BluNero,青黒,BlauZwart,Azul e Preto,Сине-черный,MaviSiyah,NiebieskoCzarny
0,54,0,0,RojoNegro,红黑色,RotSchwarz,RedBlack,RougeNoir,RossoNero,赤黒,RoodZwart,Vermelho e Preto,Красно-черный,KırmızıSiyah,CzerwonoCzarny
0,55,0,0,BlancoNaranja,白橘色,WeissOrange,WhiteOrange,BlancOrange,BiaoncoArancione,白オレンジ,WitOranje,Branco e Laranja,Бело-оранжевый,BeyazTuruncu,BiałoPomarańczowy
0,56,0,0,BlancoMarrón,白棕色,WeissBraun,WhiteBrown,BlancBrun,BiancoMarrone,白茶,WitBruin,Branco e Marrom,Бело-коричневый,BeyazKahverengi,BiałoBrązowy
272,60,0,1,Poliamida,聚酰胺,Polyamid,polyamid,polyamide,Poliamide,ポリアミド,polyamide,Poliamida,полиамидный,polyamid,Poliamid
272,61,0,1,Poliuretano,聚氨酯,Polyurethan,polyurethan,polyuréthane,Poliuretano,ポリウレタン,polyurethan,Poliuretano,полиуретановый,poliüretan,Poliuretan
0,62,0,0,VerdeBlanco,绿色白,GrünWeiss,GreenWhite,VertBlanc,VerdeBianco,緑白,GroenWit,Verde e Branco,зеленый-Бело,YeşilBeyaz,ZielonoBiały
0,63,0,0,AmarilloBlanco,黄色白,GelbWeiss,YellowWhite,JauneBlanc,GialloBianco,黄白,GeelWit,Amarelo e Branco,желтый-Бело,SarıBeyaz,ŻółtoBiały
0,64,0,0,GrisBlanco,灰色白,GrauWeiss,GreyWhite,GrisBlanc,GrigioBianco,グレー白,GrijsWit,Cinza e Branco,коричневый-Бело,GriBeyaz,SzaroBiały
0,65,0,0,RosaBlanco,品色白,RosaWeiss,PinkWhite,RoseBlanc,ViolaBianco,ピンク白,RozeWit,Rosa e Branco,розовый-Бело,PembeBeyaz,RóżowoBiały
0,66,0,0,AzulBlanco,蓝色白,BlauWeiss,BlueWhite,BleuBlanc,BluBianco,青白,BlauWit,Azul e Branco,синий-Бело,MaviBeyaz,NiebieskoBiały
0,67,0,0,RojoBlanco,红色白,RotWeiss,RedWhite,RougeBlanc,RossoBianco,赤白,RoodWit,Vermelho e Branco,красный-Бело,KırmızıBeyaz,CzerwonoBiały
0,68,0,0,NegroBlanco,黑色白,SchwarzWeiss,BlackWhite,NoirBlanc,NeroBianco,黒白,ZwartWit,Preto e Branco,черный-Бело,SiyahBeyaz,CzarnoBiały
0,69,0,0,NaranjaBlanco,橘色白,OrangeWeiss,OrangeWhite,OrangeBlanc,ArancioneBianco,オレンジ白,OranjeWit,Laranja e Branco,оранжевый-Бело,TuruncuBeyaz,PomarańczowoBiały
0,70,0,0,MarrónBlanco,棕色白,BraunWeiss,BrownWhite,BrunBlanc,MarroneBianco,茶白,BruinWit,Marrom e Branco,коричневый-белый,KahverengiBeyaz,BrązowoBiały
0,71,0,0,Azul oscuroBlanco,深蓝白,DunkelblauWeiss,Dark blueWhite,Bleu foncéBlanc,Blu scuroBianco,紺白,DonkerblauwWit,Azul escuro e Branco,темно-синий-белый,Koyu MaviBeyaz,CzarnoniebieskoBiały
496,72,0,0,Azul claro,浅蓝,Hellblau,Light blue,Bleu clair,Azzurro,Light blue,Licht blauw,Azul Claro,Light blue,Açık mavi,Jasnoniebieski
0,73,0,0,RojoMarrón,色红棕,RotBraun,RedBrown,RougeBrun,RossoMarrone,赤茶,RoodBruin,Vermelho e Marrom,красный-Коричнево,KırmızıKahverengi,CzerwonoBrązowy
0,74,0,0,VerdeGris,绿色灰,GrünGrau,GreenGrey,VertGris,VerdeGrigio,緑グレー,GroenGrijs,Verde e Cinza,Зелено-коричневый,YeşilGri,ZielonoSzary
0,75,0,0,VerdeMarrón,墨绿棕,GrünBraun,GreenBrown,VertBrun,VerdeMarrone,緑茶,GroenBruin,Verde e Marrom,Зелено-Коричнево,YeşilKahverengi,ZielonoBrązowy
0,76,0,0,RojoAmarillo,色红色,RotGelb,RedYellow,RougeJaune,RossoGiallo,赤黄,RoodGeel,Vermelho e Amarelo,красный-желтый,KırmızıSarı,CzerwonoŻółty
0,77,0,0,RojoGris,红灰,RotGrau,RedGrey,RougeGris,RossoGrigio,赤グレー,RoodGrijs,Vermelho e Cinza,красный-Серый,KırmızıGri,CzerwonoSzary
0,78,0,0,RojoVerde,红绿,RotGrün,RedGreen,RougeVert,RossoVerde,赤緑,RoodGroen,Vermelho e Verde,красный-зеленый,KırmızıYeşil,CzerwonoZielony
0,79,0,0,MarrónAmarillo,棕色色,BraunGelb,BrownYellow,BrunJaune,MarroneGiallo,茶黄,BruinGeel,Marrom e Amarelo,коричневый-желтый,KahverengiSarı,BrązowoŻółty
0,80,0,0,AzulAmarillo,蓝色色,BlauGelb,BlueYellow,BleuJaune,BluGiallo,青黄,BlauGeel,Azul e Amarelo,синий-желтый,MaviSarı,NiebieskoŻółty
0,81,0,0,AzulVerde,蓝绿,BlauGrün,BlueGreen,BleuVert,BluVerde,青緑,BlauGroen,Azul e Verde,синий-зеленый,MaviYeşil,NiebieskoZielony
0,82,0,0,AzulRojo,蓝红,BlauRot,BlueRed,BleuRouge,BluRosso,青赤,BlauRood,Azul e Vermelho,синий-красный,MaviKırmızı,NiebieskoCzerwony
0,83,0,0,NegroAmarillo,黑色色,SchwarzGelb,BlackYellow,NoirJaune,NeroGiallo,黒黄,ZwartGeel,Preto e Amarelo,черный-желтый,SiyahSarı,CzarnoŻółty
0,84,0,0,NegroVerde,黑绿,SchwarzGrün,BlackGreen,NoirVert,NeroVerde,黒緑,ZwartGroen,Preto e Verde,черный-зеленый,SiyahYeşil,CzarnoZielony
0,85,0,0,NegroRojo,黑红,SchwarzRot,BlackRed,NoirRouge,NeroRosso,黒赤,ZwartRood,Preto eVermelho,черный-красный,SiyahKırmızı,CzarnoCzerwony
0,86,0,0,Beis,浅棕,Beige,Light brown,Beige ,Beige,ライトブラウン,Beige,Bege,Бежевый,Açık Kahverengi,Jasnobrązowy
0,87,0,0,BeiseBlanco,浅棕白,BeigeWeiss,Ligjt brownWhite,BeigeBlanc,BeigeBianco,ライトブラウンホワイト,BeigeWit,BegeBranco,БежевыйБелый,Açık Kahverengi Beyaz,JasnobrązowoBiały
0,88,0,0,TransparenteBlanco,透明白色,TransparentWeiss,TransparentWhite,TransparentBlanc,TrasparenteBianco,透明ホワイト,TransparantWit,TransparenteBranco,ПрозрачныйБелый,ŞeffafBeyaz,PrzeźroczystyBiały
0,89,0,0,NaranjaNegro,橙黑,OrangeSchwarz,OrangeBlack,OrangeNoir,ArancioNero,オレンジブラック,OranjeZwart,LaranjaNegro,ОранжевыйЧерный,TuruncuSiyah,PomarańczowoCzarny
0,90,0,0,VioletaNegro,紫黑,ViolettSchwarz,VioletBlack,VioletNoir,ViolaNero,バイレットブラック,PaarsZwart,VioletaNegro,ФиолетовыйЧерный,MorSiyah,FioletowoCzarny
0,91,0,0,VioletaBlanco,紫白,ViolettWeiss,VioletWhite,VoiletBlanc,ViolaBianco,バイオレットホワイト,PaarsWit,VioletaBranco,ФиолетовыйБелый,MorBeyaz,FioletowoBiały
0,92,0,0,Negro1,黑1,Schwarz1,Black1,Noir1,Nero1,ブラック1,Zwart1,Negro1,Черный1,Siyah1,Czarny1
0,93,0,0,Negro2,黑2,Schwarz2,Black2,Noir2,Nero2,ブラック2,Zwart2,Negro2,Черный2,Siyah2,Czarny2
0,94,0,0,Negro3,黑3,Schwarz3,Black3,Noir3,Nero3,ブラック3,Zwart3,Negro3,Черный3, Siyah3,Czarny3
0,95,0,0,Negro4,黑4,Schwarz4,Black4,Noir4,Nero4,ブラック4,Zwart4,Negro4,Черный4, Siyah4,Czarny4
0,96,0,0,Negro5,黑5,Schwarz5,Black5,Noir5,Nero5,ブラック5,Zwart5,Negro5,Черный5, Siyah5,Czarny5
0,97,0,0,Negro6,黑6,Schwarz6,Black6,Noir6,Nero6,ブラック6,Zwart6,Negro6,Черный6,Siyah6,Czarny6
0,98,0,0,Negro7,黑7,Schwarz7,Black7,Noir7,Nero7,ブラック7,Zwart7,Negro7,Черный7,Siyah7,Czarny7
0,99,0,0,Negro8,黑8,Schwarz8,Black8,Noir8,Nero8,ブラック8,Zwart8,Negro8,Черный8,Siyah8,Czarny8
0,100,0,0,Negro9,黑9,Schwarz9,Black9,Noir9,Nero9,ブラック9,Zwart9,Negro9,Черный9,Siyah9,Czarny9
0,101,0,0,Negro10,黑10,Schwarz10,Black10,Noir10,Nero10,ブラック10,Zwart10,Negro10,Черный10,Siyah10,Czarny10
0,102,0,0,Negro11,黑11,Schwarz11,Black11,Noir11,Nero11,ブラック11,Zwart11,Negro11,Черный11,Siyah11,Czarny11
0,103,0,0,Negro12,黑12,Schwarz12,Black12,Noir12,Nero12,ブラック12,Zwart12,Negro12,Черный12,Siyah12,Czarny12
0,104,0,0,Negro13,黑13,Schwarz13,Black13,Noir13,Nero13,ブラック13,Zwart13,Negro13,Черный13,Siyah13,Czarny13
0,105,0,0,Negro14,黑14,Schwarz14,Black14,Noir14,Nero14,ブラック14,Zwart14,Negro14,Черный14,Siyah14,Czarny14
0,106,0,0,Negro15,黑15,Schwarz15,Black15,Noir15,Nero15,ブラック15,Zwart15,Negro15,Черный15,Siyah15,Czarny15
0,107,0,0,Negro16,黑16,Schwarz16,Black16,Noir16,Nero16,ブラック16,Zwart16,Negro16,Черный16,Siyah16,Czarny16
0,108,0,0,Negro17,黑17,Schwarz17,Black17,Noir17,Nero17,ブラック17,Zwart17,Negro17,Черный17,Siyah17,Czarny17
0,109,0,0,Negro18,黑18,Schwarz18,Black18,Noir18,Nero18,ブラック18,Zwart18,Negro18,Черный18,Siyah18,Czarny18
0,110,0,0,Negro19,黑19,Schwarz19,Black19,Noir19,Nero19,ブラック19,Zwart19,Negro19,Черный19,Siyah19,Czarny19
0,111,0,0,Negro20,黑20,Schwarz20,Black20,Noir20,Nero20,ブラック20,Zwart20,Negro20,Черный20,Siyah20,Czarny20
0,112,0,0,Negro21,黑21,Schwarz21,Black21,Noir21,Nero21,ブラック21,Zwart21,Negro21,Черный21,Siyah21,Czarny21
0,113,0,0,Negro22,黑22,Schwarz22,Black22,Noir22,Nero22,ブラック22,Zwart22,Negro22,Черный22,Siyah22,Czarny22
0,114,0,0,Negro23,黑23,Schwarz23,Black23,Noir23,Nero23,ブラック23,Zwart23,Negro23,Черный23,Siyah23,Czarny23
0,115,0,0,Negro24,黑24,Schwarz24,Black24,Noir24,Nero24,ブラック24,Zwart24,Negro24,Черный24,Siyah24,Czarny24
0,116,0,0,Negro25,黑25,Schwarz25,Black25,Noir25,Nero25,ブラック25,Zwart25,Negro25,Черный25,Siyah25,Czarny25
0,117,0,0,Negro26,黑26,Schwarz26,Black26,Noir26,Nero26,ブラック26,Zwart26,Negro26,Черный26,Siyah26,Czarny26
0,118,0,0,Negro27,黑27,Schwarz27,Black27,Noir27,Nero27,ブラック27,Zwart27,Negro27,Черный27,Siyah27,Czarny27
0,119,0,0,Negro28,黑28,Schwarz28,Black28,Noir28,Nero28,ブラック28,Zwart28,Negro28,Черный28,Siyah28,Czarny28
0,120,0,0,Negro29,黑29,Schwarz29,Black29,Noir29,Nero29,ブラック29,Zwart29,Negro29,Черный29,Siyah29,Czarny29
0,121,0,0,Negro30,黑30,Schwarz30,Black30,Noir30,Nero30,ブラック30,Zwart30,Negro30,Черный30,Siyah30,Czarny30
0,122,0,0,Negro31,黑31,Schwarz31,Black31,Noir31,Nero31,ブラック31,Zwart31,Negro31,Черный31,Siyah31,Czarny31
0,123,0,0,Negro32,黑32,Schwarz32,Black32,Noir32,Nero32,ブラック32,Zwart32,Negro32,Черный32,Siyah32,Czarny32
0,124,0,0,Negro33,黑33,Schwarz33,Black33,Noir33,Nero33,ブラック33,Zwart33,Negro33,Черный33,Siyah33,Czarny33
0,125,0,0,Negro34,黑34,Schwarz34,Black34,Noir34,Nero34,ブラック34,Zwart34,Negro34,Черный34,Siyah34,Czarny34
0,126,0,0,Negro35,黑35,Schwarz35,Black35,Noir35,Nero35,ブラック35,Zwart35,Negro35,Черный35,Siyah35,Czarny35
0,127,0,0,Negro36,黑36,Schwarz36,Black36,Noir36,Nero36,ブラック36,Zwart36,Negro36,Черный36,Siyah36,Czarny36
0,128,0,0,Negro37,黑37,Schwarz37,Black37,Noir37,Nero37,ブラック37,Zwart37,Negro37,Черный37,Siyah37,Czarny37
0,129,0,0,Negro38,黑38,Schwarz38,Black38,Noir38,Nero38,ブラック38,Zwart38,Negro38,Черный38,Siyah38,Czarny38
0,130,0,0,Negro39,黑39,Schwarz39,Black39,Noir39,Nero39,ブラック39,Zwart39,Negro39,Черный39,Siyah39,Czarny39
0,131,0,0,Negro40,黑40,Schwarz40,Black40,Noir40,Nero40,ブラック40,Zwart40,Negro40,Черный40,Siyah40,Czarny40
0,132,0,0,Negro41,黑41,Schwarz41,Black41,Noir41,Nero41,ブラック41,Zwart41,Negro41,Черный41,Siyah41,Czarny41
0,133,0,0,Negro42,黑42,Schwarz42,Black42,Noir42,Nero42,ブラック42,Zwart42,Negro42,Черный42,Siyah42,Czarny42
0,134,0,0,Negro43,黑43,Schwarz43,Black43,Noir43,Nero43,ブラック43,Zwart43,Negro43,Черный43,Siyah43,Czarny43
0,135,0,0,Negro44,黑44,Schwarz44,Black44,Noir44,Nero44,ブラック44,Zwart44,Negro44,Черный44,Siyah44,Czarny44
0,136,0,0,Negro45,黑45,Schwarz45,Black45,Noir45,Nero45,ブラック45,Zwart45,Negro45,Черный45,Siyah45,Czarny45
0,137,0,0,Negro46,黑46,Schwarz46,Black46,Noir46,Nero46,ブラック46,Zwart46,Negro46,Черный46,Siyah46,Czarny46
0,138,0,0,Negro47,黑47,Schwarz47,Black47,Noir47,Nero47,ブラック47,Zwart47,Negro47,Черный47,Siyah47,Czarny47
0,139,0,0,Negro48,黑48,Schwarz48,Black48,Noir48,Nero48,ブラック48,Zwart48,Negro48,Черный48,Siyah48,Czarny48
0,140,0,0,Negro49,黑49,Schwarz49,Black49,Noir49,Nero49,ブラック49,Zwart49,Negro49,Черный49,Siyah49,Czarny49
0,141,0,0,Negro50,黑50,Schwarz50,Black50,Noir50,Nero50,ブラック50,Zwart50,Negro50,Черный50,Siyah50,Czarny50
0,142,0,0,U1,U1,U1,U1,U1,U1,U1,U1,U1,U1,U1,U1
0,143,0,0,V2,V2,V2,V2,V2,V2,V2,V2,V2,V2,V2,V2
0,144,0,0,W3,W3,W3,W3,W3,W3,W3,W3,W3,W3,W3,W3
0,145,0,0,Marrón1,棕1,Braun1,Brown1,Brun1,Marrone1,ブラウン1,Bruin1,Castanho1,Коричневый1,Kahverengi1,Brązowy1
0,146,0,0,Marrón2,棕2,Braun2,Brown2,Brun2,Marrone2,ブラウン2,Bruin2,Castanho2,Коричневый2,Kahverengi2,Brązowy2
0,147,0,0,BlancoMarrónNegro,白棕黑,WeissBraunSchwarz,WhiteBrownBlack,BlancBrunNoir,BiancoMarroneNero,ホワイトブラウンブラック,WitBruinZwart,BrancoCastanhoNegro,БелыйКоричневыйЧерный,BeyazKahverengiSiyah,BiałoBrązowoCzarny
0,148,0,0,AmarilloVerdeNegro,黄绿黑,GelbGrünSchwarz,YellowGreenBlack,JauneVertNoir,GialloVerdeNero,イエローグリーンブラック,GeelGroenZwart,AmareloVerdeNegro,ЖелтыйЗеленыйЧерный,SarıYeşilSiyah,ŻółtoZielonoCzarny
0,149,0,0,GrisRosaNegro,灰粉黑,GrauRosaSchwarz,GreyPinkBlack,GrisRoseNoir,BigioRosaNero,グレーピンクブラック,GrijsRoseZwart,PardoRosaNegro,СерыйРозовыйЧерный,GriPembeSiyah,SzaroRóżowoCzarny
0,150,0,0,RojoAzulNegro,红蓝黑,RotBlauSchwarz,RedBlueBlack,RougeBleuNoir,GrigioRosaNero,レッドブルーブラック,RoodBlauwZwart,VermelhoAzulNegro,КрасныйСинийЧерный,KırmızıMaviSiyah,CzerwonoNiebieskoCzarny
0,151,0,0,BlancoVerdeNegro,白绿黑,WeissGrünSchwarz,WhiteGreenBlack,BlancVertNoir,RossoAzzurroNero,ホワイトグリーンブラック,WitGroenZwart,BrancoVerdeNegro,БелыйЗеленыйЧерный,BeyazYeşilSiyah,BiałoZielonoCzarny
0,152,0,0,MarrónVerdeNegro,棕绿黑,BraunGrünSchwarz,BrownGreenBlack,BrunVertNoir,MarroneVerdeNero,ブラウングリーンブラック,BlauwGroenZwart,CastanhoVerdeNegro,КоричневыйЗеленыйЧерный,KahverengiYeşilSiyah,BrązowoZielonoCzarny
0,153,0,0,BlancoAmarilloNegro,白黄黑,WeissGelbSchwarz,WhiteYellowBlack,BlancJauneNoir,BiancoGialloNero,ホワイトイエローブラック,WitGeelZwart,BrancoAmareloNegro,БелыйЖелтыйЧерный,BeyazSarıSiyah,BiałoŻółtoCzarny
0,154,0,0,AmarilloMarrónNegro,黄棕黑,GelbBraunSchwarz,YellowBrownBlack,JauneBrunNoir,GialloMarroneNero,イエローブラウンブラック,GeelBruinZwart,AmareloCastanhoNegro,ЖелтыйКоричневыйЧерный,SarıKahverengiSiyah,ŻółtoBrązowoCzarny
0,155,0,0,BlancoGrisNegro,白灰黑,WeissGrauSchwarz,WhiteGreyBlack,BlancGrisNoir,BiancoGrigioNero,ホワイトグレーブラック,WitGrijsZwart,BrancoPardoNegro,БелыйСерыйЧерный,BeyazGriSiyah,BiałoSzaroCzarny
0,156,0,0,GrisMarrónNegro,灰棕黑,GrauBraunSchwarz,GreyBrownBlack,GrisBrunNoir,GrigioMarroneNero,グレーブラウンブラック,GrijsBruinZwart,PardoCastanhoNegro,СерыйКоричневыйЧерный,GriKahverengiSiyah,SzaroBrązowoCzarny
0,157,0,0,BlancoRosaNegro,白粉黑,WeissRosaSchwarz,WhitePinkBlack,BlancRoseNoir,BiancoRosaNero,ホワイトピンクブラック,WitRoseZwart,BrancoRosaNegro,БелыйРозовыйЧерный,BeyazPembeSiyah,BiałoRóżowoCzarny
0,158,0,0,RosaMarrónNegro,粉棕黑,RosaBraunSchwarz,PinkBrownBlack,RoseBrunNoir,RosaMarroneNero,ピンクブラウンブラック,RoseBruinZwart,RosaCastanhoNegro,РозовыйКоричневыйЧерный,PembeKahverengiSiyah,RóżowoBrązowoCzarny
0,159,0,0,BlancoAzulNegro,白蓝黑,WeissBlueSchwarz,WhiteBlueBlack,BlancBleuNoir,BiancoAzzurroNero,ホワイトブルーブラック,WitBlauwZwart,BrancoAzulNegro,БелыйСинийЧерный,BeyazMaviSiyah,BiałoNiebieskoCzarny
0,160,0,0,MarrónAzulNegro,棕蓝黑,BraunBlauSchwarz,BrownBlueBlack,BrunBleuNoir,MarroneAzzurroNero,ブラウンブルーブラック,BruinBlauwZwart,CastanhoAzulNegro,КоричневыйСинийЧерный,KahverengiMaviSiyah,BrązowoNiebieskoCzarny
0,161,0,0,BlancoRojoNegro,白红黑,WeissRotSchwarz,WhiteRedBlack,BlancRougeNoir,BiancoRossoNero,ホワイトレッドブラック,WitRoodZwart,BrancoVermelhoNegro,БелыйКрасныйЧерный,BeyazKırmızıSiyah,BialoCzerwonoCzarny
0,162,0,0,MarrónRojoNegro,棕红黑,BraunRotSchwarz,BrownRedBlack,BrunRougeNoir,MarroneRossoNero,ブラウンレッドブラック,BruinRoodZwart,CastanhoVermelhoNegro,КоричневыйКрасныйЧерный,KahverengiKırmızıSiyah,BrązowoCzerwonoCzarny
0,163,0,0,Negro51,黑51,Schwarz51,Black51,Noir51,Nero51,ブラック51,Zwart51,Negro51,Черный51,Siyah51,Czarny51
0,164,0,0,Negro52,黑52,Schwarz52,Black52,Noir52,Nero52,ブラック52,Zwart52,Negro52,Черный52,Siyah52,Czarny52
0,165,0,0,Negro53,黑53,Schwarz53,Black53,Noir53,Nero53,ブラック53,Zwart53,Negro53,Черный53,Siyah53,Czarny53
0,166,0,0,Negro54,黑54,Schwarz54,Black54,Noir54,Nero54,ブラック54,Zwart54,Negro54,Черный54,Siyah54,Czarny54
0,167,0,0,Negro55,黑55,Schwarz55,Black55,Noir55,Nero55,ブラック55,Zwart55,Negro55,Черный55,Siyah55,Czarny55
0,168,0,0,Blanco1,白1,Weiss1,White1,Blanc1,Bianco1,白1,Wit1,Branco1,белый1,Beyaz1,Biały1
0,169,0,0,Blanco2,白2,Weiss2,White2,Blanc2,Bianco2,白2,Wit2,Branco2,белый2,Beyaz2,Biały2
0,170,0,0,Blanco3,白3,Weiss3,White3,Blanc3,Bianco3,白3,Wit3,Branco3,белый3,Beyaz3,Biały3
0,171,0,0,Blanco4,白4,Weiss4,White4,Blanc4,Bianco4,白4,Wit4,Branco4,белый4,Beyaz4,Biały4
0,172,0,0,Blanco5,白5,Weiss5,White5,Blanc5,Bianco5,白5,Wit5,Branco5,белый5,Beyaz5,Biały5
0,173,0,0,Blanco6,白6,Weiss6,White6,Blanc6,Bianco6,白6,Wit6,Branco6,белый6,Beyaz6,Biały6
0,174,0,0,Blanco7,白7,Weiss7,White7,Blanc7,Bianco7,白7,Wit7,Branco7,белый7,Beyaz7,Biały7
0,175,0,0,Blanco8,白8,Weiss8,White8,Blanc8,Bianco8,白8,Wit8,Branco8,белый8,Beyaz8,Biały8
0,176,0,0,Blanco9,白9,Weiss9,White9,Blanc9,Bianco9,白9,Wit9,Branco9,белый9,Beyaz9,Biały9
0,177,0,0,Blanco10,白10,Weiss10,White10,Blanc10,Bianco10,白10,Wit10,Branco10,белый10,Beyaz10,Biały10
0,178,0,0,Blanco11,白11,Weiss11,White11,Blanc11,Bianco11,白11,Wit11,Branco11,белый11,Beyaz11,Biały11
0,179,0,0,Blanco12,白12,Weiss12,White12,Blanc12,Bianco12,白12,Wit12,Branco12,белый12,Beyaz12,Biały12
0,180,0,0,Blanco13,白13,Weiss13,White13,Blanc13,Bianco13,白13,Wit13,Branco13,белый13,Beyaz13,Biały13
0,181,0,0,Blanco14,白14,Weiss14,White14,Blanc14,Bianco14,白14,Wit14,Branco14,белый14,Beyaz14,Biały14
0,182,0,0,Blanco15,白15,Weiss15,White15,Blanc15,Bianco15,白15,Wit15,Branco15,белый15,Beyaz15,Biały15
0,183,0,0,Blanco16,白16,Weiss16,White16,Blanc16,Bianco16,白16,Wit16,Branco16,белый16,Beyaz16,Biały16
0,184,0,0,Blanco17,白17,Weiss17,White17,Blanc17,Bianco17,白17,Wit17,Branco17,белый17,Beyaz17,Biały17
0,185,0,0,Blanco18,白18,Weiss18,White18,Blanc18,Bianco18,白18,Wit18,Branco18,белый18,Beyaz18,Biały18
0,186,0,0,Blanco19,白19,Weiss19,White19,Blanc19,Bianco19,白19,Wit19,Branco19,белый19,Beyaz19,Biały19
0,187,0,0,Blanco20,白20,Weiss20,White20,Blanc20,Bianco20,白20,Wit20,Branco20,белый20,Beyaz20,Biały20
0,188,0,0,Blanco21,白21,Weiss21,White21,Blanc21,Bianco21,白21,Wit21,Branco21,белый21,Beyaz21,Biały21
0,189,0,0,Blanco22,白22,Weiss22,White22,Blanc22,Bianco22,白22,Wit22,Branco22,белый22,Beyaz22,Biały22
0,190,0,0,Blanco23,白23,Weiss23,White23,Blanc23,Bianco23,白23,Wit23,Branco23,белый23,Beyaz23,Biały23
0,191,0,0,Blanco24,白24,Weiss24,White24,Blanc24,Bianco24,白24,Wit24,Branco24,белый24,Beyaz24,Biały24
0,192,0,0,Blanco25,白25,Weiss25,White25,Blanc25,Bianco25,白25,Wit25,Branco25,белый25,Beyaz25,Biały25
0,193,0,0,Blanco26,白26,Weiss26,White26,Blanc26,Bianco26,白26,Wit26,Branco26,белый26,Beyaz26,Biały26
0,194,0,0,Blanco27,白27,Weiss27,White27,Blanc27,Bianco27,白27,Wit27,Branco27,белый27,Beyaz27,Biały27
0,195,0,0,Blanco28,白28,Weiss28,White28,Blanc28,Bianco28,白28,Wit28,Branco28,белый28,Beyaz28,Biały28
0,196,0,0,Blanco29,白29,Weiss29,White29,Blanc29,Bianco29,白29,Wit29,Branco29,белый29,Beyaz29,Biały29
0,197,0,0,Blanco30,白30,Weiss30,White30,Blanc30,Bianco30,白30,Wit30,Branco30,белый30,Beyaz30,Biały30
0,198,0,0,Blanco31,白31,Weiss31,White31,Blanc31,Bianco31,白31,Wit31,Branco31,белый31,Beyaz31,Biały31
0,199,0,0,Blanco32,白32,Weiss32,White32,Blanc32,Bianco32,白32,Wit32,Branco32,белый32,Beyaz32,Biały32
0,200,0,0,Blanco33,白33,Weiss33,White33,Blanc33,Bianco33,白33,Wit33,Branco33,белый33,Beyaz33,Biały33
0,201,0,0,Blanco34,白34,Weiss34,White34,Blanc34,Bianco34,白34,Wit34,Branco34,белый34,Beyaz34,Biały34
0,202,0,0,Blanco35,白35,Weiss35,White35,Blanc35,Bianco35,白35,Wit35,Branco35,белый35,Beyaz35,Biały35
0,203,0,0,Blanco36,白36,Weiss36,White36,Blanc36,Bianco36,白36,Wit36,Branco36,белый36,Beyaz36,Biały36
0,204,0,0,Blanco37,白37,Weiss37,White37,Blanc37,Bianco37,白37,Wit37,Branco37,белый37,Beyaz37,Biały37
0,205,0,0,Blanco38,白38,Weiss38,White38,Blanc38,Bianco38,白38,Wit38,Branco38,белый38,Beyaz38,Biały38
0,206,0,0,Blanco39,白39,Weiss39,White39,Blanc39,Bianco39,白39,Wit39,Branco39,белый39,Beyaz39,Biały39
0,207,0,0,Blanco40,白40,Weiss40,White40,Blanc40,Bianco40,白40,Wit40,Branco40,белый40,Beyaz40,Biały40
0,208,0,0,Blanco41,白41,Weiss41,White41,Blanc41,Bianco41,白41,Wit41,Branco41,белый41,Beyaz41,Biały41
0,209,0,0,Blanco42,白42,Weiss42,White42,Blanc42,Bianco42,白42,Wit42,Branco42,белый42,Beyaz42,Biały42
0,210,0,0,Blanco43,白43,Weiss43,White43,Blanc43,Bianco43,白43,Wit43,Branco43,белый43,Beyaz43,Biały43
0,211,0,0,Blanco44,白44,Weiss44,White44,Blanc44,Bianco44,白44,Wit44,Branco44,белый44,Beyaz44,Biały44
0,212,0,0,Blanco45,白45,Weiss45,White45,Blanc45,Bianco45,白45,Wit45,Branco45,белый45,Beyaz45,Biały45
0,213,0,0,Blanco46,白46,Weiss46,White46,Blanc46,Bianco46,白46,Wit46,Branco46,белый46,Beyaz46,Biały46
0,214,0,0,Blanco47,白47,Weiss47,White47,Blanc47,Bianco47,白47,Wit47,Branco47,белый47,Beyaz47,Biały47
0,215,0,0,Blanco48,白48,Weiss48,White48,Blanc48,Bianco48,白48,Wit48,Branco48,белый48,Beyaz48,Biały48
0,216,0,0,Blanco49,白49,Weiss49,White49,Blanc49,Bianco49,白49,Wit49,Branco49,белый49,Beyaz49,Biały49
0,217,0,0,Blanco50,白50,Weiss50,White50,Blanc50,Bianco50,白50,Wit50,Branco50,белый50,Beyaz50,Biały50
0,218,0,0,Blanco51,白51,Weiss51,White51,Blanc51,Bianco51,白51,Wit51,Branco51,белый51,Beyaz51,Biały51
0,219,0,0,Blanco52,白52,Weiss52,White52,Blanc52,Bianco52,白52,Wit52,Branco52,белый52,Beyaz52,Biały52
0,220,0,0,Blanco53,白53,Weiss53,White53,Blanc53,Bianco53,白53,Wit53,Branco53,белый53,Beyaz53,Biały53
0,221,0,0,Blanco54,白54,Weiss54,White54,Blanc54,Bianco54,白54,Wit54,Branco54,белый54,Beyaz54,Biały54
0,222,0,0,Blanco55,白55,Weiss55,White55,Blanc55,Bianco55,白55,Wit55,Branco55,белый55,Beyaz55,Biały55
0,223,0,0,,蓝红黑,BlauRotSchwarz,BlueRedBlack,BleuRougeNoir,AzzurroRossoNero,ブルーレッドブラック,BlauwRoodZwart,,СинийКрасныйЧерный,MaviKırmızıSiyah,NiebieskoCzerwonoCzarny
0,224,0,0,,绿棕黑,GrünBraunSchwarz,GreenBrownBlack,VertBrunNoir,VerdeMarroneNero,グリーンブラウンブラック,GroenBruinZwart,,ЗеленыйКоричневыйЧерный,YeşilKahverengiSiyah,ZielonoBrązowoCzarny
0,225,0,0,,白紫,WeissViolett,WhiteViolet,BlancViolet ,BiancoViola,ホワイトバイオレット,WitPaars,,БелыйФиолетовый,BeyarMor,BiałoFioletowy
0,226,0,0,,棕橙,BraunOrange,BrownOrange,BrunOrange,MarroneArancione,ブラウンオレンジ,BruinOranje,,КоричневыйОранжевый,KahverengiTuruncu,BrązowoPomarańczowy
0,227,0,0,,棕紫,BraunViolett,BrownViolet,BrunViolet,MarroneViola,ブラウンバイオレット,BruinPaars,,КоричневыйФиолетовый,KahverengiMor,BrązowoFioletowy
0,228,0,0,,棕灰,BraunGrau,BrownGrey,BrunGris,MarroneGrigio,ブラウングレー,BruinGrijs,,КоричневыйСерый,KahverengiGri,BrązowoSzary
0,229,0,0,,绿橙,GrünOrange,GreenOrange,VertOrange,VerdeArancione,グリーンオレンジ,GroenOranje,,ЗеленыйОранжевый,YeşilTuruncu,ZielonoPomarańczowy
0,230,0,0,,绿紫,GrünViolett,GreenViolet,VertViolet,VerdeViola,グリーンバイオレット,GroenPaars,,ЗеленыйФиолетовый,YeşilMor,ZielonoFioletowy
0,231,0,0,,黄橙,GelbOrange,YellowOrange,JauneOrange,GialloArancione,イエローオレンジ,GeelOranje,,ЖелтыйОранжевый,SarıTuruncu,ŻółtoPomarańczowy
0,232,0,0,,黄紫,GelbViolett,YellowViolet,JauneViolet,GialloViola,イエローバイオレット,GeelPaars,,ЖелтыйФиолетовый,SarıMor,ŻółtoFioletowy
0,233,0,0,,深蓝黑,DunkelblauSchwarz,Dark blueBlack,BleuFoncéNoir,BluNero,ダークブルーブラック,DonkerblauwZwart,,Темно-синийЧерный,KoyumaviSiyah,CiemnoniebieskoCzarny
0,234,0,0,,本色,Natur,Nature,Nature,Naturale,ナチュラル,Naturel,,Естественный,Doğal,Naturalny
0,235,0,0,,白色透明,WeissTransparent,WhiteTransparent,Blanc transparent,BiancoTrasparente,白透明,WitTransparent,,БелыйПрозрачный,BeyazŞeffaf,BiałyPrzeźroczysty
