TextType,MaxLength,Format,SheetInfo,CopyFromSelectedSheet,ChangeableByScriptOnly,CanModify,CanHide,CanModifyInivisible,DatabaseField,SystemDefined,ConnectionTargetFormat,UseActivePinTerminal,TEXTNAME_86,TEXTNAME_31,TEXTNAME_44,TEXTNAME_33,TEXTNAME_49,TEXTNAME_39,TEXTNAME_81,TEXTNAME_351,TEXTNAME_07,TEXTNAME_34,TEXTNAME_90,TEXTNAME_48
2,80,,0,0,0,-1,-1,0,,0,0,0,注释,commentaar,Comment,Commentaire,Kommentar,Commento,注釈,Comentário,Комментарий,Comentario,Açıklama,Komentarz
11,0,,0,0,0,-1,-1,0,,-1,0,0,Text fix,tekst fix,Text fix,Texte fixe,Text fix,Testo fisso,テキスト - 固定,Texto fixo,Text fix,Texto fijo,Metin düzeltme,Tekst stały
13,0,,0,0,0,-1,-1,0,,0,0,0,正文变量,tekst - variabel,Text variable,Texte - variable,Text - variabel,Testo - variabile,テキスト変数,Variável de texto,Надпись - переменная,Texto variable,Metin değişkeni,Tekst zmienny
20,40,,-1,0,0,-1,-1,0,,0,0,0,绘图通过,getekend door,Drawn by,Créateur du dessin,Erstellt durch,Disegnato da,作図者,Desenhado por,Исполнитель,Creador del dibujo,Çizen,Stworzony przez
21,20,,-1,-1,0,-1,-1,0,,0,0,0,文档号码,documentnummer,Document number,Numéro du document,Unterlagennummer,Numero documento,ドキュメント番号,Número do documento,Номер документа,Número del documento,Belge numarası,Numer dokumentu
22,50,,-1,-1,0,-1,-1,0,,0,0,0,客户,klant,Customer,Client,Auftraggeber,Cliente,顧客,Cliente,Заказчик,Cliente,Müşteri,Klient
23,20,,-1,-1,0,-1,-1,0,,0,0,0,绘图号码,tekeningnumber,Drawing number,Numéro du dessin,Zeichnungsnummer,Numero disegno,図面番号,Número do desenho,Номер чертежа,Número del dibujo,Çizim numarası,Numer rysunku
25,15,,-1,0,0,-1,-1,0,,0,0,0,特殊评论,speciale nota,Special note,Note spéciale,Sondervermerk,Note particolari,特記事項,Nota especial,Замечание,Nota especial,Özel not,Specjalna notatka
27,6,,-1,0,0,-1,-1,0,,0,0,0,发行,editie,Issue,Edition,Änderungszustand,Stato modifica,発行,Versão,Редакция,Tema,Düzenlemek,Problem
28,10,,-1,0,0,-1,-1,0,,0,0,0,改变,wijziging,Change,Modification,Änderung,Modifica,変更,Alteração,Изменение,Cambio,Değişiklik,Zmiana
29,10,,-1,0,0,-1,-1,0,,0,0,0,修改日期,wijzigingsdatum,Date of modification,Date de modification,Änderungsdatum,Data di modifica,変更日,Data de modificação,Дата изменения,Fecha de modificación,Değişiklik tarihi,Data modyfikacji
30,6,,-1,0,0,-1,-1,0,,0,0,0,修改通过,gewijzigd door,Modified by,Responsable de la modification,Änderungsbearbeiter,Modificato da,変更者,Modificado por,Изменено,Responsable de la modificación,Değiştiren,Zmodyfikowany przez
33,50,,-1,0,0,-1,-1,0,,0,0,0,功能,functie,Function,Fonction,Funktion,Funzione,機能,Função,Функция,Función,Fonksiyon,Funkcja
36,15,,-1,0,0,-1,-1,0,,0,0,0,原点,oorsprong,Origin,Origine,Ursprung,Origine,原点,Origem,Точка привязки,Origen,Orijin,Źródło
37,15,,-1,0,0,-1,-1,0,,0,0,0,置换,vervangt,Replaces,Remplace,Ersatz für,Sostituisce,交換,Substituído,Замены,Reemplazos,Yerine,Zastępuje
38,15,,-1,0,0,-1,-1,0,,0,0,0,置换通过,vervangen door,Replaced by,Remplacé par,Ersetzt durch,Sostituito da,交換者,Substituído por,Заменено,Reemplazado por,İle değiştirilmiştir ,Zastępowany przez
40,30,,-1,-1,0,-1,-1,0,SheetName1,0,0,0,名称1,naam 1,Name 1,Nom 1,Benennung 1,Denominazione 1,名称1,Nome 1,Имя 1,Nombre 1,İsim 1,Nazwa 1
41,10,,-1,0,0,-1,-1,0,,0,0,0,修改日期 (1),wijzigingsdatum (1),Date of modification (1),Date de modification (1),Bearbeitungsdatum,Data di editazione,変更日 (1),Data de modificação (1),Дата изменения (1),Fecha de modificación (1),Değişiklik tarihi (1),Data modyfikacji (1)
42,15,,-1,0,0,-1,-1,0,,0,0,0,用户,gebruiker,User,Utilisateur,Bearbeiter,Utente,ユーザ,Usuário,Выполнил,Usuario,Kullanıcı,Użytkownik
43,15,,-1,0,0,-1,-1,0,,0,0,0,赞成,goedgekeurd,Approved,Approuvé,Geprüft,Approvato,承認,Aprovado,Утвердил,Aprobado,Onaylanmış,Zatwierdził
44,15,,-1,0,0,-1,-1,0,,0,0,0,标准,norm,Standard,Norme,Norm,Normativa,標準,Padrão,Стандарт,Estándar,Standart,Standard
45,0,,0,0,0,-1,-1,0,,0,0,0,项目,project,Project,Projet,Projekt,Progetto,プロジェクト,Projeto,Проект,Proyecto,Proje,Projekt
46,50,,-1,-1,0,-1,-1,0,,0,0,0,订货编号,opdrachtnummer,Order number,Numéro d'ordre,Auftragsnummer,Numero ordine,注文番号,Número da ordem,Номер заказа,Número de pedido,Düzen numarası,Numer zamówienia
47,50,,-1,-1,0,-1,-1,0,,0,0,0,订货,opdracht,Order,Ordre,Auftrag,Ordine,注文,Ordem,Заказ,Pedido,Düzen,Zamówienie
48,25,,-1,-1,0,-1,-1,0,SheetName2,0,0,0,名称2,naam 2,Name 2,Nom 2,Benennung 2,Denominazione 2,名称2,Nome 2,Имя 2,Nombre 2,İsim 2,Nazwa 2
49,0,,-1,0,0,-1,-1,0,,0,0,0,备用,reserve,Reserve,Réserve,Reserve,Riserva,予備,Reserva,Резервная,Reserva,Yedek,Rezerwa
50,50,,0,0,0,-1,-1,0,Techdat1,0,0,0,技术数据1,technische gegevens 1,Technical data 1,Données techniques 1,Technische Daten 1,Dati tecnici 1,技術データ1,Dado técnico 1,Тех.информация 1,Datos técnicos 1,Teknik veri 1,Dane techniczne 1
51,50,,0,0,0,-1,-1,0,Techdat2,0,0,0,技术数据2,technische gegevens 2,Technical data 2,Données techniques 2,Technische Daten 2,Dati tecnici 2,技術データ2,Dado técnico 2,Тех.информация 2,Datos técnicos 2,Teknik veri 2,Dane techniczne 2
52,50,,0,0,0,-1,-1,0,Techdat3,0,0,0,技术数据3,technische gegevens 3,Technical data 3,Données techniques 3,Technische Daten 3,Dati tecnici 3,技術データ3,Dado técnico 3,Тех.информация 3,Datos técnicos 3,Teknik veri 3,Dane techniczne 3
53,0,,0,0,0,0,0,0,Techdat4,0,0,0,技术数据4,technische gegevens 4,Technical data 4,Données techniques 4,Technische Daten 4,Dati tecnici 4,技術データ4,Dado técnico 4,Тех.информация 4,Datos técnicos 4,Teknik veri 4,Dane techniczne 4
70,60,,0,0,0,-1,-1,0,.PLCPHYSADDR,0,0,0,PLC-物理地址,PLC - fysisch adres,PLC - Physical address,API - Adresse physique,SPS - Physikalische Adresse,PLC - indirizzo fisico,PLC - 物理アドレス,PLC - Endereço Físico,ПК (PLC) - Физический адрес,Dirección física-PLC,PLC - Fiziksel adres,PLC - Adres fizyczny
71,60,,0,0,0,-1,-1,0,PlcSymbAdr,0,0,0,PLC-符号地址,PLC - symbolisch adres,PLC - Symbolic address,API - Adresse symbolique,SPS - Symbolische Adresse,PLC - indirizzo simbolico,PLC - シンボリックアドレス,PLC - Endereço Simbólico,ПК (PLC) - Символьный адрес,Dirección simbólica-PLC,PLC - Sembolik adres,PLC - Adres symboliczny
72,60,,0,0,0,-1,-1,0,PlcComment,0,0,0,PLC-注释1,PLC - commentaar 1,PLC - Comment 1,API - Commentaire 1,SPS - Kommentar 1,PLC - commento 1,PLC - 注釈1,PLC - Comentário 1,ПК (PLC) - Комментарий 1,PLC-Comentario 1,PLC - Yorum 1,PLC - Komentarz 1
73,60,,0,0,0,-1,-1,0,PlcComment2,0,0,0,PLC-注释2,PLC - commentaar 2,PLC - Comment 2,API - Commentaire 2,SPS - Kommentar 2,PLC - commento 2,PLC - 注釈2,PLC - Comentário 2,ПК (PLC) - Комментарий 2,PLC-Comentario 2,PLC - Yorum 2,PLC - Komentarz 2
86,0,,0,0,0,0,0,0,Attr4UseFromACPT,0,0,-1,有效针脚端子的使用属性,Attribuut gebruikt door actieve fitting ,Attribute for use from active pin terminal,Attribut pour utilisation par pièce de fixation active,Attribut das vom aktiven Anschlagteil benutzt wird,Attributo dal terminale attivo,アクティブなピンターミナルからの使用属性,,Атрибут для использования из текущего наконечника,,Aktif pin terminalinden kullanım niteliği,Atrybut z aktywnego pinu złacza
220,25,,-1,0,0,0,0,0,,0,0,0,SAP Document Number,SAP document nummer,SAP Document Number,SAP Numéro de document,SAP Dokument Nummer,SAP Numero documento,SAPドキュメント番号,Numero do Documento SAP,Номер документа в SAP,Número de documento SAP,SAP Belge Numarası,Komentarz
221,5,,-1,0,0,0,0,0,,0,0,0,SAP Document Version,SAP document versie,SAP Document Version,SAP Version de document,SAP Dokument Version,SAP Versione documento,SAPドキュメントバージョン,Versão de Documento SAP,Версия документа в SAP,Versión de documento SAP,SAP Belge Sürümü,SAP Numer Dokumentu
222,5,,-1,0,0,0,0,0,,0,0,0,SAP Document Part,SAP document deel,SAP Document Part,SAP Partie de document,SAP Dokument Teil,SAP Parte documento,SAPドキュメントパート,Documento de Componente SAP,Часть документа в SAP,Parte de documento SAP,SAP Belge Bölüm,SAP Wersja Dokumentu
223,5,,-1,0,0,0,0,0,,0,0,0,SAP Document Type,SAP document type,SAP Document Type,SAP Type de document,SAP Dokument Typ,SAP Tipo documento,SAPドキュメントタイプ,Tipo de Documento SAP,Тип документа в SAP,Tipo de documento SAP,SAP Belge Tipi,SAP Część Dokuentu
224,50,,-1,0,0,0,0,0,,0,0,0,SAP Document Description,SAP document beschrijving,SAP Document Description,SAP Description de document,SAP Dokument Beschreibung,SAP Descrizione documento,SAPドキュメント説明,Descrição de Documento SAP,Описание документа в SAP,Descripción de documento SAP,SAP Belge Açıklaması,SAP Typ Dokumentu
225,5,,-1,0,0,0,0,0,,0,0,0,SAP Document Status,SAP document status,SAP Document Status,SAP État de document,SAP Dokument Status,SAP Stato documento,SAPドキュメントステータス,Andamento do Documento SAP,Статус документа в SAP,Estado de documento SAP,SAP Belge Durumu,SAP Opis Dokumentu
226,30,,-1,0,0,0,0,0,,0,0,0,SAP Document Statustext,SAP document statustekst,SAP Document Statustext,SAP Texte d'état de document,SAP Dokument Statustext,SAP Descrizione stato documento,SAPドキュメントステータステキスト,Andamento do texto de Documento SAP,Описание статуса документа в SAP,Texto de estado de documento SAP,SAP Belge MetinDurumu,SAP Status Dokumentu
230,255,,0,0,-1,0,0,0,,0,0,0,rmCISHeaderChangeCount,rmCISHeaderChangeCount,rmCISHeaderChangeCount,rmCISHeaderChangeCount,rmCISHeaderChangeCount,rmCISHeaderChangeCount,rmCISHeaderChangeCount,rmCISHeaderChangeCount,rmCISHeaderChangeCount,rmCISHeaderChangeCount,rmCISBaşlıkDeğiştirmeSayısı,rmCISHeaderChangeCount
231,255,,0,0,-1,0,0,0,,0,0,0,rmCISHeaderDevice,rmCISHeaderDevice,rmCISHeaderDevice,rmCISHeaderDevice,rmCISHeaderDevice,rmCISHeaderDevice,rmCISHeaderDevice,rmCISHeaderDevice,rmCISHeaderDevice,rmCISHeaderDevice,rmCISBaşlıkCihaz,rmCISHeaderDevice
232,255,,0,0,-1,0,0,0,,0,0,0,rmCISHeaderChangeType,rmCISHeaderChangeType,rmCISHeaderChangeType,rmCISHeaderChangeType,rmCISHeaderChangeType,rmCISHeaderChangeType,rmCISHeaderChangeType,rmCISHeaderChangeType,rmCISHeaderChangeType,rmCISHeaderChangeType,rmCISBaşlıkDeğiştirmeTipi,rmCISHeaderChangeType
233,255,,0,0,-1,0,0,0,,0,0,0,rmCISChangeCount,rmCISChangeCount,rmCISChangeCount,rmCISChangeCount,rmCISChangeCount,rmCISChangeCount,rmCISChangeCount,rmCISChangeCount,rmCISChangeCount,rmCISChangeCount,rmCISDeğişimSayısı,rmCISChangeCount
234,255,,0,0,-1,0,0,0,,0,0,0,rmCISDevice,rmCISDevice,rmCISDevice,rmCISDevice,rmCISDevice,rmCISDevice,rmCISDevice,rmCISDevice,rmCISDevice,rmCISDevice,rmCISCihaz,rmCISDevice
235,255,,0,0,-1,0,0,0,,0,0,0,rmCISChangeType,rmCISChangeType,rmCISChangeType,rmCISChangeType,rmCISChangeType,rmCISChangeType,rmCISChangeType,rmCISChangeType,rmCISChangeType,rmCISChangeType,rmCISDeğişimTipi,rmCISChangeType
236,255,,0,0,-1,0,0,0,,0,0,0,rmCISMoreChanges,rmCISMoreChanges,rmCISMoreChanges,rmCISMoreChanges,rmCISMoreChanges,rmCISMoreChanges,rmCISMoreChanges,rmCISMoreChanges,rmCISMoreChanges,rmCISMoreChanges,rmCISDiğerDeğişiklikler,rmCISMoreChanges
250,255,,0,0,-1,0,0,0,,0,0,0,rmCLSHeaderChangeNumber,rmCLSHeaderChangeNumber,rmCLSHeaderChangeNumber,rmCLSHeaderChangeNumber,rmCLSHeaderChangeNumber,rmCLSHeaderChangeNumber,rmCLSHeaderChangeNumber,rmCLSHeaderChangeNumber,rmCLSHeaderChangeNumber,rmCLSHeaderChangeNumber,rmCLSBaşlıkDeğişiklikNumarası,rmCLSHeaderChangeNumber
251,255,,0,0,-1,0,0,0,,0,0,0,rmCLSHeaderPath,rmCLSHeaderPath,rmCLSHeaderPath,rmCLSHeaderPath,rmCLSHeaderPath,rmCLSHeaderPath,rmCLSHeaderPath,rmCLSHeaderPath,rmCLSHeaderPath,rmCLSHeaderPath,rmCLSBaşlıkYol,rmCLSHeaderPath
252,255,,0,0,-1,0,0,0,,0,0,0,rmCLSHeaderChangeType,rmCLSHeaderChangeType,rmCLSHeaderChangeType,rmCLSHeaderChangeType,rmCLSHeaderChangeType,rmCLSHeaderChangeType,rmCLSHeaderChangeType,rmCLSHeaderChangeType,rmCLSHeaderChangeType,rmCLSHeaderChangeType,rmCLSBaşlıkDeğişiklikTipi,rmCLSHeaderChangeType
253,255,,0,0,-1,0,0,0,,0,0,0,rmCLSHeaderQuantity,rmCLSHeaderQuantity,rmCLSHeaderQuantity,rmCLSHeaderQuantity,rmCLSHeaderQuantity,rmCLSHeaderQuantity,rmCLSHeaderQuantity,rmCLSHeaderQuantity,rmCLSHeaderQuantity,rmCLSHeaderQuantity,rmCLSBaşlıkMiktar,rmCLSHeaderQuantity
254,255,,0,0,-1,0,0,0,,0,0,0,rmCLSHeaderMaterial,rmCLSHeaderMaterial,rmCLSHeaderMaterial,rmCLSHeaderMaterial,rmCLSHeaderMaterial,rmCLSHeaderMaterial,rmCLSHeaderMaterial,rmCLSHeaderMaterial,rmCLSHeaderMaterial,rmCLSHeaderMaterial,rmCLSBaşlıkMalzeme,rmCLSHeaderMaterial
255,255,,0,0,-1,0,0,0,,0,0,0,rmCLSHeaderAdditional,rmCLSHeaderAdditional,rmCLSHeaderAdditional,rmCLSHeaderAdditional,rmCLSHeaderAdditional,rmCLSHeaderAdditional,rmCLSHeaderAdditional,rmCLSHeaderAdditional,rmCLSHeaderAdditional,rmCLSHeaderAdditional,rmCLSBaşlıkEk,rmCLSHeaderAdditional
256,255,,0,0,-1,0,0,0,,0,0,0,rmCLSHeaderOldValue,rmCLSHeaderOldValue,rmCLSHeaderOldValue,rmCLSHeaderOldValue,rmCLSHeaderOldValue,rmCLSHeaderOldValue,rmCLSHeaderOldValue,rmCLSHeaderOldValue,rmCLSHeaderOldValue,rmCLSHeaderOldValue,rmCLSBaşılEskiDeğer,rmCLSHeaderOldValue
257,255,,0,0,-1,0,0,0,,0,0,0,rmCLSHeaderNewValue,rmCLSHeaderNewValue,rmCLSHeaderNewValue,rmCLSHeaderNewValue,rmCLSHeaderNewValue,rmCLSHeaderNewValue,rmCLSHeaderNewValue,rmCLSHeaderNewValue,rmCLSHeaderNewValue,rmCLSHeaderNewValue,rmCLSBaşlıkYeniDeğer,rmCLSHeaderNewValue
258,255,,0,0,-1,0,0,0,,0,0,0,rmCLSHeaderLocation,rmCLSHeaderLocation,rmCLSHeaderLocation,rmCLSHeaderLocation,rmCLSHeaderLocation,rmCLSHeaderLocation,rmCLSHeaderLocation,rmCLSHeaderLocation,rmCLSHeaderLocation,rmCLSHeaderLocation,rmCLSBaşlıkKonum,rmCLSHeaderLocation
259,255,,0,0,-1,0,0,0,,0,0,0,rmCLSHeaderDevice,rmCLSHeaderDevice,rmCLSHeaderDevice,rmCLSHeaderDevice,rmCLSHeaderDevice,rmCLSHeaderDevice,rmCLSHeaderDevice,rmCLSHeaderDevice,rmCLSHeaderDevice,rmCLSHeaderDevice,rmCLSBaşlıkCihaz,rmCLSHeaderDevice
260,255,,0,0,-1,0,0,0,,0,0,0,rmCLSHeaderPin,rmCLSHeaderPin,rmCLSHeaderPin,rmCLSHeaderPin,rmCLSHeaderPin,rmCLSHeaderPin,rmCLSHeaderPin,rmCLSHeaderPin,rmCLSHeaderPin,rmCLSHeaderPin,rmCLSBaşlıkPin,rmCLSHeaderPin
261,255,,0,0,-1,0,0,0,,0,0,0,rmCLSHeaderFrom,rmCLSHeaderFrom,rmCLSHeaderFrom,rmCLSHeaderFrom,rmCLSHeaderFrom,rmCLSHeaderFrom,rmCLSHeaderFrom,rmCLSHeaderFrom,rmCLSHeaderFrom,rmCLSHeaderFrom,rmCLSBaşlıkGönderen,rmCLSHeaderFrom
262,255,,0,0,-1,0,0,0,,0,0,0,rmCLSHeaderTo,rmCLSHeaderTo,rmCLSHeaderTo,rmCLSHeaderTo,rmCLSHeaderTo,rmCLSHeaderTo,rmCLSHeaderTo,rmCLSHeaderTo,rmCLSHeaderTo,rmCLSHeaderTo,rmCLSBaşlıkİçin,rmCLSHeaderTo
263,255,,0,0,-1,0,0,0,,0,0,0,rmCLSHeaderCoreNumber,rmCLSHeaderCoreNumber,rmCLSHeaderCoreNumber,rmCLSHeaderCoreNumber,rmCLSHeaderCoreNumber,rmCLSHeaderCoreNumber,rmCLSHeaderCoreNumber,rmCLSHeaderCoreNumber,rmCLSHeaderCoreNumber,rmCLSHeaderCoreNumber,rmCLSBaşlıkDamarNumarası,rmCLSHeaderCoreNumber
264,255,,0,0,-1,0,0,0,,0,0,0,rmCLSHeaderSignal,rmCLSHeaderSignal,rmCLSHeaderSignal,rmCLSHeaderSignal,rmCLSHeaderSignal,rmCLSHeaderSignal,rmCLSHeaderSignal,rmCLSHeaderSignal,rmCLSHeaderSignal,rmCLSHeaderSignal,rmCLSBaşlıkSinyal,rmCLSHeaderSignal
280,255,,0,0,-1,0,0,0,,0,0,0,rmCLSChangeNumber,rmCLSChangeNumber,rmCLSChangeNumber,rmCLSChangeNumber,rmCLSChangeNumber,rmCLSChangeNumber,rmCLSChangeNumber,rmCLSChangeNumber,rmCLSChangeNumber,rmCLSChangeNumber,rmCLSDeğişiklikNumarası,rmCLSChangeNumber
281,255,,0,0,-1,0,0,0,,0,0,0,rmCLSPath,rmCLSPath,rmCLSPath,rmCLSPath,rmCLSPath,rmCLSPath,rmCLSPath,rmCLSPath,rmCLSPath,rmCLSPath,rmCLSYol,rmCLSPath
282,255,,0,0,-1,0,0,0,,0,0,0,rmCLSChangeType,rmCLSChangeType,rmCLSChangeType,rmCLSChangeType,rmCLSChangeType,rmCLSChangeType,rmCLSChangeType,rmCLSChangeType,rmCLSChangeType,rmCLSChangeType,rmCLSDeğişiklikTipi,rmCLSChangeType
283,255,,0,0,-1,0,0,0,,0,0,0,rmCLSQuantity,rmCLSQuantity,rmCLSQuantity,rmCLSQuantity,rmCLSQuantity,rmCLSQuantity,rmCLSQuantity,rmCLSQuantity,rmCLSQuantity,rmCLSQuantity,rmCLSMiktar,rmCLSQuantity
284,255,,0,0,-1,0,0,0,,0,0,0,rmCLSMaterial,rmCLSMaterial,rmCLSMaterial,rmCLSMaterial,rmCLSMaterial,rmCLSMaterial,rmCLSMaterial,rmCLSMaterial,rmCLSMaterial,rmCLSMaterial,rmCLSMalzeme,rmCLSMaterial
285,255,,0,0,-1,0,0,0,,0,0,0,rmCLSAdditional,rmCLSAdditional,rmCLSAdditional,rmCLSAdditional,rmCLSAdditional,rmCLSAdditional,rmCLSAdditional,rmCLSAdditional,rmCLSAdditional,rmCLSAdditional,rmCLSEk,rmCLSAdditional
286,255,,0,0,-1,0,0,0,,0,0,0,rmCLSOldValue,rmCLSOldValue,rmCLSOldValue,rmCLSOldValue,rmCLSOldValue,rmCLSOldValue,rmCLSOldValue,rmCLSOldValue,rmCLSOldValue,rmCLSOldValue,rmCLSEskiDeğer,rmCLSOldValue
287,255,,0,0,-1,0,0,0,,0,0,0,rmCLSNewValue,rmCLSNewValue,rmCLSNewValue,rmCLSNewValue,rmCLSNewValue,rmCLSNewValue,rmCLSNewValue,rmCLSNewValue,rmCLSNewValue,rmCLSNewValue,rmCLSYeniDeğer,rmCLSNewValue
288,255,,0,0,-1,0,0,0,,0,0,0,rmCLSFromLocation,rmCLSFromLocation,rmCLSFromLocation,rmCLSFromLocation,rmCLSFromLocation,rmCLSFromLocation,rmCLSFromLocation,rmCLSFromLocation,rmCLSFromLocation,rmCLSFromLocation,rmCLSGelenKonum,rmCLSFromLocation
289,255,,0,0,-1,0,0,0,,0,0,0,rmCLSFromDevice,rmCLSFromDevice,rmCLSFromDevice,rmCLSFromDevice,rmCLSFromDevice,rmCLSFromDevice,rmCLSFromDevice,rmCLSFromDevice,rmCLSFromDevice,rmCLSFromDevice,rmCLSGelenCihaz,rmCLSFromDevice
290,255,,0,0,-1,0,0,0,,0,0,0,rmCLSFromPin,rmCLSFromPin,rmCLSFromPin,rmCLSFromPin,rmCLSFromPin,rmCLSFromPin,rmCLSFromPin,rmCLSFromPin,rmCLSFromPin,rmCLSFromPin,rmCLSGelenPin,rmCLSFromPin
291,255,,0,0,-1,0,0,0,,0,0,0,rmCLSToLocation,rmCLSToLocation,rmCLSToLocation,rmCLSToLocation,rmCLSToLocation,rmCLSToLocation,rmCLSToLocation,rmCLSToLocation,rmCLSToLocation,rmCLSToLocation,rmCLSKonumİçin,rmCLSToLocation
292,255,,0,0,-1,0,0,0,,0,0,0,rmCLSToDevice,rmCLSToDevice,rmCLSToDevice,rmCLSToDevice,rmCLSToDevice,rmCLSToDevice,rmCLSToDevice,rmCLSToDevice,rmCLSToDevice,rmCLSToDevice,rmCLSCihazİçin,rmCLSToDevice
293,255,,0,0,-1,0,0,0,,0,0,0,rmCLSToPin,rmCLSToPin,rmCLSToPin,rmCLSToPin,rmCLSToPin,rmCLSToPin,rmCLSToPin,rmCLSToPin,rmCLSToPin,rmCLSToPin,rmCLSPinİçin,rmCLSToPin
294,255,,0,0,-1,0,0,0,,0,0,0,rmCLSCoreNumber,rmCLSCoreNumber,rmCLSCoreNumber,rmCLSCoreNumber,rmCLSCoreNumber,rmCLSCoreNumber,rmCLSCoreNumber,rmCLSCoreNumber,rmCLSCoreNumber,rmCLSCoreNumber,rmCLSDamarNumarası,rmCLSCoreNumber
295,255,,0,0,-1,0,0,0,,0,0,0,rmCLSSignalName,rmCLSSignalName,rmCLSSignalName,rmCLSSignalName,rmCLSSignalName,rmCLSSignalName,rmCLSSignalName,rmCLSSignalName,rmCLSSignalName,rmCLSSignalName,rmCLSSinyalAdı,rmCLSSignalName
312,255,,0,0,0,0,0,0,,0,0,0,rmCLSFooter,rmCLSFooter,rmCLSFooter,rmCLSFooter,rmCLSFooter,rmCLSFooter,rmCLSFooter,rmCLSFooter,rmCLSFooter,rmCLSFooter,rmCLSAltbilgi,rmCLSFooter
320,255,,0,0,-1,0,0,0,,0,0,0,rmCRPHeaderDocumentType,rmCRPHeaderDocumentType,rmCRPHeaderDocumentType,rmCRPHeaderDocumentType,rmCRPHeaderDocumentType,rmCRPHeaderDocumentType,rmCRPHeaderDocumentType,rmCRPHeaderDocumentType,rmCRPHeaderDocumentType,rmCRPHeaderDocumentType,rmCRPBaşlıkDeğişimTipi,rmCRPHeaderDocumentType
321,255,,0,0,-1,0,0,0,,0,0,0,rmCRPHeaderAssignment,rmCRPHeaderAssignment,rmCRPHeaderAssignment,rmCRPHeaderAssignment,rmCRPHeaderAssignment,rmCRPHeaderAssignment,rmCRPHeaderAssignment,rmCRPHeaderAssignment,rmCRPHeaderAssignment,rmCRPHeaderAssignment,rmCRPBaşlıkAtama,rmCRPHeaderAssignment
322,255,,0,0,-1,0,0,0,,0,0,0,rmCRPHeaderLocation,rmCRPHeaderLocation,rmCRPHeaderLocation,rmCRPHeaderLocation,rmCRPHeaderLocation,rmCRPHeaderLocation,rmCRPHeaderLocation,rmCRPHeaderLocation,rmCRPHeaderLocation,rmCRPHeaderLocation,rmCRPBaşlıkKonum,rmCRPHeaderLocation
323,255,,0,0,-1,0,0,0,,0,0,0,rmCRPHeaderSheet,rmCRPHeaderSheet,rmCRPHeaderSheet,rmCRPHeaderSheet,rmCRPHeaderSheet,rmCRPHeaderSheet,rmCRPHeaderSheet,rmCRPHeaderSheet,rmCRPHeaderSheet,rmCRPHeaderSheet,rmCRPBaşlıkSayfa,rmCRPHeaderSheet
324,255,,0,0,-1,0,0,0,,0,0,0,rmCRPHeaderChangeIndex,rmCRPHeaderChangeIndex,rmCRPHeaderChangeIndex,rmCRPHeaderChangeIndex,rmCRPHeaderChangeIndex,rmCRPHeaderChangeIndex,rmCRPHeaderChangeIndex,rmCRPHeaderChangeIndex,rmCRPHeaderChangeIndex,rmCRPHeaderChangeIndex,rmCRPBaşlıkDeğişimEndeks,rmCRPHeaderChangeIndex
325,255,,0,0,-1,0,0,0,,0,0,0,rmCRPHeaderChangeReason,rmCRPHeaderChangeReason,rmCRPHeaderChangeReason,rmCRPHeaderChangeReason,rmCRPHeaderChangeReason,rmCRPHeaderChangeReason,rmCRPHeaderChangeReason,rmCRPHeaderChangeReason,rmCRPHeaderChangeReason,rmCRPHeaderChangeReason,rmCRPBaşlıkDeğişimNedeni,rmCRPHeaderChangeReason
326,255,,0,0,-1,0,0,0,,0,0,0,rmCRPHeaderChangeDate,rmCRPHeaderChangeDate,rmCRPHeaderChangeDate,rmCRPHeaderChangeDate,rmCRPHeaderChangeDate,rmCRPHeaderChangeDate,rmCRPHeaderChangeDate,rmCRPHeaderChangeDate,rmCRPHeaderChangeDate,rmCRPHeaderChangeDate,rmCRPBaşlıkDeğişiklikTarihi,rmCRPHeaderChangeDate
327,255,,0,0,-1,0,0,0,,0,0,0,rmCRPHeaderChangeUser,rmCRPHeaderChangeUser,rmCRPHeaderChangeUser,rmCRPHeaderChangeUser,rmCRPHeaderChangeUser,rmCRPHeaderChangeUser,rmCRPHeaderChangeUser,rmCRPHeaderChangeUser,rmCRPHeaderChangeUser,rmCRPHeaderChangeUser,rmCRPBaşlıkDeğişimKullanıcı,rmCRPHeaderChangeUser
335,255,,0,0,-1,0,0,0,,0,0,0,rmCRPDocumentType,rmCRPDocumentType,rmCRPDocumentType,rmCRPDocumentType,rmCRPDocumentType,rmCRPDocumentType,rmCRPDocumentType,rmCRPDocumentType,rmCRPDocumentType,rmCRPDocumentType,rmCRPBelgeTipi,rmCRPDocumentType
336,255,,0,0,-1,0,0,0,,0,0,0,rmCRPAssignment,rmCRPAssignment,rmCRPAssignment,rmCRPAssignment,rmCRPAssignment,rmCRPAssignment,rmCRPAssignment,rmCRPAssignment,rmCRPAssignment,rmCRPAssignment,rmCRPAtama,rmCRPAssignment
337,255,,0,0,-1,0,0,0,,0,0,0,rmCRPLocation,rmCRPLocation,rmCRPLocation,rmCRPLocation,rmCRPLocation,rmCRPLocation,rmCRPLocation,rmCRPLocation,rmCRPLocation,rmCRPLocation,rmCRPKonum,rmCRPLocation
338,255,,0,0,-1,0,0,0,,0,0,0,rmCRPSheet,rmCRPSheet,rmCRPSheet,rmCRPSheet,rmCRPSheet,rmCRPSheet,rmCRPSheet,rmCRPSheet,rmCRPSheet,rmCRPSheet,rmCRPSayfa,rmCRPSheet
339,255,,0,0,-1,0,0,0,,0,0,0,rmCRPChangeIndex,rmCRPChangeIndex,rmCRPChangeIndex,rmCRPChangeIndex,rmCRPChangeIndex,rmCRPChangeIndex,rmCRPChangeIndex,rmCRPChangeIndex,rmCRPChangeIndex,rmCRPChangeIndex,rmCRPDeğişimEndeks,rmCRPChangeIndex
340,255,,0,0,-1,0,0,0,,0,0,0,rmCRPChangeReason,rmCRPChangeReason,rmCRPChangeReason,rmCRPChangeReason,rmCRPChangeReason,rmCRPChangeReason,rmCRPChangeReason,rmCRPChangeReason,rmCRPChangeReason,rmCRPChangeReason,rmCRPDeğişimNedeni,rmCRPChangeReason
341,255,,0,0,-1,0,0,0,,0,0,0,rmCRPChangeDate,rmCRPChangeDate,rmCRPChangeDate,rmCRPChangeDate,rmCRPChangeDate,rmCRPChangeDate,rmCRPChangeDate,rmCRPChangeDate,rmCRPChangeDate,rmCRPChangeDate,rmCRPDeğişimTarihi,rmCRPChangeDate
342,255,,0,0,-1,0,0,0,,0,0,0,rmCRPChangeUser,rmCRPChangeUser,rmCRPChangeUser,rmCRPChangeUser,rmCRPChangeUser,rmCRPChangeUser,rmCRPChangeUser,rmCRPChangeUser,rmCRPChangeUser,rmCRPChangeUser,rmCRPDeğişimKullanıcı,rmCRPChangeUser
349,255,,0,0,-1,0,0,0,,0,0,0,rmCRPFooter,rmCRPFooter,rmCRPFooter,rmCRPFooter,rmCRPFooter,rmCRPFooter,rmCRPFooter,rmCRPFooter,rmCRPFooter,rmCRPFooter,rmCRPAltbilgi,rmCRPFooter
359,0,,0,0,0,0,0,0,PanelWireClass,0,0,0,连接类,verbindingsklas,Connection Class,Classe de connexion,Verbindungsklasse,Classe connessione,接続クラス,Classe de Conexão,Класс соединения,Clase de conexión,Bağlantı Klası,Klasa połączenia
370,80,,-1,0,0,-1,-1,0,,-1,0,0,,,Component code (Terminal plan sheet symbol),,Bauteiltyp (Klemmenplan Blattformat),,,,,,,Kod komponentu (Symbol arkusza do zestawienia złączek listwowych)
400,0,,0,0,0,0,0,0,,0,0,0,图形端子图(端子相互参考),graf. klemmen plan (klemmenkruisverwijzing),Graph. Terminal plan (Term. Cross reference),Plan de borne graphique (Nom de brin),Graf. Klemmenplan (Klemmenquerverweis),Schema grafico morsettiere (rimandi morsetto),グラフ. ターミナルプラン(ターミナル. クロスリファレンス),Plan. de Bornes Gráfica (Ref. cruzada de Bornes),Схема подключений (клемма - ссылка),Hoja de bornes gráfica (Referencia cruzada de borne),Grafik Terminal plan (Term. Çapraz referans),Graf. Zestawienie złączek listwowych (Referencja krosowa)
401,0,,0,0,0,0,0,0,,0,0,0,图形端子图(端子针脚名),graf. klemmen plan (klemmennaam),Graph. Terminal plan (Term. Pin name),Plan de borne graphique (Fonction pour destination),Graf. Klemmenplan (Klemmenname),Schema grafico morsettiere (Sigla morsetto),グラフ. ターミナルプラン(ターミナル. ピン名),Plan. de Bornes Gráfica (Nome do pino do Borne),Схема подключений (клемма - имя вывода),Hoja de bornes gráfica (Nombre pin de borne),Grafik Terminal plan (Term. Pin adı),Graf. Zestawienie złączek listwowych (Nazwa pinu)
402,0,,0,0,0,0,0,0,,0,0,0,图形端子图(端子器材特征符号),graf. klemmen plan (klemmenstrookbenaming),Graph. Terminal plan (Term. Device designation),Plan de borne graphique (Ref. croisées bornes),Graf. Klemmenplan (Klemmen BMK),Schema grafico morsettiere (Designazione dispositivo morsetto),グラフ. ターミナルプラン(ターミナル. デバイス識別名),Plan. de Bornes Gráfica (Função para designação),Схема подключений (клемма - поз. обозначение),Hoja de bornes gráfica (Desig. dispositivo de borne),Grafik Terminal plan (Term. Cihaz atama),Graf. Zestawienie złączek listwowych (Oznaczenie urządzenia)
403,0,,0,0,0,0,0,0,,0,0,0,图形端子图(对于特征符号功能),graf. klemmen plan (functie voor bestemming),Graph. Terminal plan (Function for destination),Plan de borne graphique (Nom de pin bornes),Graf. Klemmenplan (Funktion beim Zielbauteil),Schema grafico morsettiere (Funzione della destinazione),グラフ. ターミナルプラン(接続先の機能),Plan. de Bornes Gráfica (Função para destino),Схема подключений (адрес2 - Устройство) ,Hoja de bornes gráfica (Función para destino),Grafik Terminal plan ( Fonksiyon hedef için),Graf. Zestawienie złączek listwowych (Funkcja dla celu)
404,0,,0,0,0,0,0,0,,0,0,0,图形端子图(芯线名),graf. klemmen plan (adernaam),Graph. Terminal plan (Core name),Plan de borne graphique (Désignation bornes),Graf. Klemmenplan (Adername),Schema grafico morsettiere (Sigla conduttore),グラフ. ターミナルプラン(コア名),Plan. de Bornes Gráfica (Nome do condutor),Схема подключений (имя жилы),Hoja de bornes gráfica (Nombre de la vena),Grafik Terminal plan ( Damar adı),Graf. Zestawienie złączek listwowych (Nazwa żyły)
405,0,,0,0,0,0,0,0,,0,0,0,图形端子图(对于特征符号属性1),graf. klemmen plan (attribuut 1 voor doelcomponent),Graph. Terminal plan (Attribute 1 for destination),Plan de bornes graph. (attribut 1 au composant cible),Graf. Klemmenplan (Attribut 1 beim Zielbauteil),Schema grafico morsettiere (attributo 1 della destinazione),グラフ. ターミナルプラン(接続先属性1),Plan. de Bornes Gráfica (Atributo 1 para destino),Схема подключений (атрибут 1 для адреса2),Hoja Gráfica de Bornes (Atributo 1 para destino),Grafik Terminal plan ( Özellik 1 hedef için),Graf. Zestawienie złączek listwowych (Atrybut 1 dla celu)
406,0,,0,0,0,0,0,0,,0,0,0,图形端子图(对于特征符号属性2),graf. klemmen plan (attribuut 2 voor doelcomponent),Graph. Terminal plan (Attribute 2 for destination),Plan de bornes graph. (attribut 2 au composant cible),Graf. Klemmenplan (Attribut 2 beim Zielbauteil),Schema grafico morsettiere (attributo 2 della destinazione),グラフ. ターミナルプラン(接続先属性2),Plan. de Bornes Gráfica (Atributo 2 para destino),Схема подключений (атрибут 2 для адреса2),Hoja Gráfica de Bornes (Atributo 2 para destino),Grafik Terminal plan ( Özellik 2 hedef için),Graf. Zestawienie złączek listwowych (Atrybut 2 dla celu)
407,0,,0,0,0,0,0,0,,0,0,0,图形端子图(对于特征符号属性3),graf. klemmen plan (attribuut 3 voor doelcomponent),Graph. Terminal plan (Attribute 3 for destination),Plan de bornes graph. (attribut 3 au composant cible),Graf. Klemmenplan (Attribut 3 beim Zielbauteil),Schema grafico morsettiere (attributo 3 della destinazione),グラフ. ターミナルプラン(接続先属性3),Plan. de Bornes Gráfica (Atributo 3 para destino),Схема подключений (атрибут 3 для адреса2),Hoja Gráfica de Bornes (Atributo 3 para destino),Grafik Terminal plan ( Özellik 3 hedef için),Graf. Zestawienie złączek listwowych (Atrybut 3 dla celu)
408,0,,0,0,0,0,0,0,,0,0,0,图形端子图(对于特征符号属性4),graf. klemmen plan (attribuut 4 voor doelcomponent),Graph. Terminal plan (Attribute 4 for destination),Plan de bornes graph. (attribut 4 au composant cible),Graf. Klemmenplan (Attribut 4 beim Zielbauteil),Schema grafico morsettiere (attributo 4 della destinazione),グラフ. ターミナルプラン(接続先属性4),Plan. de Bornes Gráfica (Atributo 4 para destino),Схема подключений (атрибут 4 для адреса2),Hoja Gráfica de Bornes (Atributo 4 para destino),Grafik Terminal plan ( Özellik 5 hedef için),Graf. Zestawienie złączek listwowych (Atrybut 4 dla celu)
409,0,,0,0,0,0,0,0,,0,0,0,图形端子图(对于特征符号属性5),graf. klemmen plan (attribuut 5 voor doelcomponent),Graph. Terminal plan (Attribute 5 for destination),Plan de bornes graph. (attribut 5 au composant cible),Graf. Klemmenplan (Attribut 5 beim Zielbauteil),Schema grafico morsettiere (attributo 5 della destinazione),グラフ. ターミナルプラン(接続先属性5),Plan. de Bornes Gráfica (Atributo 5 para destino),Схема подключений (атрибут 5 для адреса2),Hoja Gráfica de Bornes (Atributo 5 para destino),Grafik Terminal plan ( Özellik 4 hedef için),Graf. Zestawienie złączek listwowych (Atrybut 5 dla celu)
410,0,,0,0,0,0,0,0,WireNumber,0,0,0,电线号码,draadnummer,Wire number,Numéro de fil,Drahtnummer,Numero filo,ワイヤ番号,Número de fio,Номер провода,Nº de hilo,Tel numarası ,Numer przewodu
411,0,,0,0,0,0,0,0,BOMpos,0,0,0,工作材料表位置,stuklijstpositie,BOM Position,BOM Position,Stücklisten Position,Posizione Distinta,部品表位置,Posição LdM,Позиция спецификации,Posición de LdM,BOM Pozisyon,Pozycja BOM
412,0,,0,0,0,0,0,0,WireNumber_Wire,0,0,0,Wire number (core),draadnummer (ader),Wire number (core),Numéro de fil (brin),Drahtnummer (Ader),Numero filo (conduttore),ワイヤ番号(コア),Número do fio,Номер провода (жилы),Número de hilo (vena),Tel numarası (Damar),Numer przewodu (żyła)
413,0,,0,0,0,0,0,0,WireNumber_Add,0,0,0,Additional Wire number,extra draad nummer,Additional Wire number,Numéro de fil additionnel,Zusätzliche Drahtnummer,Numero filo addizionale,追加ワイヤ番号,Número do fio adicional,Дополнительный номер провода,Número adicional de hilo,Ek Tel numarası,Dodatkowy numer przewodu
414,0,,0,0,0,0,0,0,.CONNECTOR_NAME,0,0,0,Internal Item Designation,interne item benaming,Internal Item Designation,Désignation interne d'élément,Internes Betriebsmittelkennzeichen,Designazione interna di Dispositivo,内部アイテム識別名,Designação do item interno,Внутреннее озиционное обозначение,Designación interna de objeto,iç öğe atama,Wewnętrzne oznaczenie elementu
415,0,,0,0,0,0,0,0,Symbolpintext-extended,0,0,0,符号针脚扩展文本,symbool pin text (vergrotert),Symbol pin text extended,Texte étendu de la broche de symbole,Erweiterter Symbol Anschlusstext,Testo pin simbolo esteso,拡張シンボルピンテキスト,Texto extendido de símbolo de pino,Дополнительная надпись символа вывода,Texto extendido de pin de símbolo,Genişletilmiş sembol pin metni,Rozszerzony tekst symbolu pinu
416,0,,0,0,0,0,0,0,Description_text,0,0,0,管脚描述,pin beschrijving,pin description,Description de broche,Anschluss Beschreibung,Descrizione pin,ピン表記,Descrição de pino,описание вывода,Descripción de pin,pin açıklaması,Opis pinu
417,0,,0,0,0,0,0,0,NetSegCrossSection,0,0,0,线段横截面,net segment doorsnede,Net segment cross-section,Coupe transversale du segment de réseau,Netzsegment Querschnitt,Sezione segmento,セグメントの断面積,Seção transversal do segmento de rede,Окружность сегмента цепи,Sección cruzada de segmento de red,Net kesiti,Przekrój segmentu sieci
418,0,,0,0,0,0,0,0,NetSegCircumference,0,0,0,线段周长,net segment omvang,Net segment circumference,Circonférence du segment de réseau,Netzsegment Umfang,Circonferenza segmento,セグメントの外周,Circunferência do segmento de rede,Сечение сегмента цепи,Circunferencia de segmento de red,Net çevresi,Obwód segmentu sieci
420,25,,0,0,0,0,0,0,Function,0,0,0,设备功能,functie van het toestel,Device function,Fonction d'appareil,Betriebsmittel-Funktion,Funzione dispositivo,デバイス機能,Função de dispositivo,Функция изделия в проекте,Función dispositivo,Cihaz Fonsiyonu,Funkcja urządzenia
421,0,,0,0,0,0,0,0,DeviceSubFunction,0,0,0,Device sub-function,sub-functie van het toestel,Device sub-function,Sous-fonction d'appareil,Betriebsmittel-Unterfunktion,Sottofunzione dispositivo,デバイスサブ機能,Sub-função do dispositivo,Device sub-function,Sub-función dispositivo,Cihaz alt-işlev,Podfunkcja urządzenia
423,0,,0,0,0,0,0,0,Dismanteling,0,0,0,剥绝缘皮(mm),ontmanteling (mm),Amount of insulation to be cut back/stripped (mm),Dénudage (mm),Abmantelung (mm),Sguainatura (mm),剥きしろ(mm),Decapagem (mm),Длина жилы без оболочки кабеля (мм),Dismanteling (mm),Parça boyutu(mm),Ilość izolacji do usunięcia/odizolowania (mm)
424,0,,0,0,0,0,0,0,.ISOLATE,0,0,0,绝缘,isolatie,Insulation,Isolation,Abisolierung,Spelatura,絶縁体,Isolamento,Изоляция,Aislamiento,İzolasyon,Izolacja
425,0,,0,0,0,0,0,0,Dismanteling_Shield,0,0,0,剥绝缘皮 Shield (mm),ontmanteling Shield (mm),Amount of insulation to be cut back/stripped Shield (mm),Dénudage Shield (mm),Abmantelung Schirm (mm),Sguainatura Shield (mm),剥きしろShield (mm),Decapagem Shield (mm),Длина жилы без оболочки кабеля Shield (мм),Dismanteling Shield (mm),Parça boyutu Shield (mm),Ilość izolacji do usunięcia/odizolowania dla ekranu (mm)
430,3,,0,0,0,0,0,0,NominalWidth,0,0,0,正常宽度,nominale breedte,Nominal Width,Largeur nominale,Nennweite,Sezione nominale,公称幅,Largura nominal,Номинальная ширина,Anchura nominal,Nominal Genişlik,Nominalna szerokość
440,0,,0,0,0,0,0,0,PlcFunctionType,0,0,0,,,PLC Function Type,,#440,,,,,,,PLC Typ Funkcji
443,0,,0,0,0,0,0,0,Length,0,0,0,长度,lengte,Length,Longueur,Länge,Lunghezza,長さ,Comprimento,Длина,Longitud,Uzunluk,Długość
450,0,,0,0,0,0,0,0,BundleType,0,0,0,线束类型,bundeltype,Bundle Type,Type de faisceau,Bündeltyp,Tipo fascio,バンドルタイプ,Tipo de Agrupamento,Тип изоляции жил,Tipo de bundle,Paket Türü,Typ wiązki
468,0,,0,0,0,0,0,0,PID_EMSR-Function,0,0,0,PID EMSR-Points-Function,PID EMSR-Points-Function,PID EMSR-Points-Function,PID fonction points EMSR,PID EMSR-Stellen-Funktion,PID EMSR-Points-Function,P&ID EMSR識別名,PID EMSR-Points-Function,PID EMSR-Points-Функция,PID EMSR-Points-Function,PID EMSR-Nokta-Fonksiyon,PID EMSR-Funkcja-Punktów
469,0,,0,0,0,0,0,0,PID_EMSR-ItemDesignation,0,0,0,PID EMSR-Points-Item Designation,PID EMSR-Points-Item Designation,PID EMSR-Points-Item Designation,PID désignation d'élément points EMSR,PID EMSR-Stellen-Kennzeichen,PID EMSR-Points-Item Designation,P&ID EMSRファンクション,PID EMSR-Points-Item Designation,PID EMSR-Points-Поз. Обозначение,PID EMSR-Points-Item Designation,PID EMSR-Nokta-Parması,PID EMSR - Punkty - Oznaczenie urządzenia
470,0,,0,0,0,0,0,0,DeviceName_Electrical,0,0,0,设备特征符号电子,toestelbenaming elektrisch,Item Designation Electric,Item Designation Electric,Betriebsmittelkennzeichen Elektrisch,Designazione Dispositivo - Elettrica,デバイス機能 (1),Designação de Item Elétrico,Обозначение электрической схемы,Designación de Objeto - eléctrica,Öğe Atama Akışkan,Elektryczne Oznaczenie Elementu
471,0,,0,0,0,0,0,0,DeviceName_Fluid,0,0,0,设备特征符号流体,toestelbenaming fluid,Item Designation Fluid,Item Designation Fluid,Betriebsmittelkennzeichen Fluid,Designazione Dispositivo - Fluidica,アイテム識別名(電気),Designação de Item Hidráulico,Обозначение гидравлической схемы,Designación de Objeto - Fluid,Öğe Atama Pnömatik,Hydr./Pneu. Oznaczenie Elementu
472,20,,0,0,0,0,0,0,DeviceName_Pneumatic,0,0,0,设备特征符号气动,toestelbenaming pneumatisch,Item Designation Pneumatic,Item Designation Pneumatic,Betriebsmittelkennzeichen Pneumatik,Designazione Dispositivo - Pneumatica,アイテム識別名(空力),Designação de Item Pneumático,Обозначение пневматической схемы,Designación de Objeto - neumática,Öğe Atama Elektrik,Pneumatyczne Oznaczenie Elementu
473,0,,0,0,0,0,0,0,Device_Text_Instances,0,0,0,内部对象代号电气,interne toestelbenaming (elektrisch),Item Designation (Text Instance),"Désignation d'élément interne, électrique",Betriebsmittelkennzeichen (Text Instanz),Designazione Dispositivo (istanza del testo),内部アイテム識別名電気,designação elétrica de item interno,внутреннее позиционное обозначение - электрика,Designación interna de objeto eléctrico,İç Öğe Atama Elektrik,Oznaczenie Elementu (Instancja Tekstu)
482,0,,0,0,0,0,0,0,AdditionalPart,0,0,0,附加零件,bijvoegsel,Additional Part,Pièce supplémentaire,Zusatzteil,Parte addizionale,追加パート,Peça Adicional,Дополнительная часть,Parte adicional,Ek Bölüm,Dodatkowy Element
483,0,,0,0,0,0,0,0,Step,0,0,0,增量,increment,Increment,Incrément,Schrittweite,Passo,予備 (1),Incremento,Шаг масштабирования,Incremento,artış,Przyrost
484,0,,0,0,0,0,0,0,,0,0,0,状态,toestand,State,State,Zustand,Stato,状態,Estado,Режим,Estado,Durum,Stan
490,0,,0,0,0,0,0,0,,0,0,0,电线标识符,draadkenteken,Wire Identifier,Identificateur de fil,Drahtkennzeichnung,Identificatore filo,ワイヤID,Identificador de fio,Идентификатор провода,Identificador de hilo,Tel Tanımlayıcı ,Idenfyfikator Przewodu
1021,128,,-1,0,0,-1,-1,0,,-1,0,0,項目名稱,projectnaam,Project name,Nom projet,Projektname,Nome Progetto,プロジェクト名,Nome do Projeto,название проекта,Nombre Proyecto,Proje adı,Nazwa projektu
1059,80,,0,0,0,-1,-1,0,,-1,0,0,,,Component code (Terminal plan table),,Bauteiltyp (Klemmenplan Tabellensymbol),,,,,,,Kod komponentu (Plan złączek listwowych)
1067,0,,-1,0,0,-1,-1,0,,-1,0,0,修改日期 (sheet),wijzigingsdatum (sheet),Date of modification (sheet),Date de modification (sheet),Bearbeitungsdatum (Blatt),Data di editazione (sheet),変更日 (sheet),Data de modificação (sheet),Дата изменения (sheet),Fecha de modificación (sheet),Değişiklik tarihi (sheet),Data modyfikacji (arkusz)
1092,0,,0,0,0,-1,-1,0,,-1,0,0,Reference from original  to view,referentie van originaal naar visie,Reference from original  to view,Référence d'original vers vue,Verweis vom Original auf Ansicht,Referenza da originale a vista,オリジナルからビューへのリファレンス,Referência do Original para Vista,Ссылка от оригинала к виду,Referencia de la original a la vista,Referans görünümde orijinali görmek için,Referencja z orginału do widoku
1093,0,,0,0,0,-1,-1,0,,-1,0,0,Reference from view to original,referentie van visie naar originaal,Reference from view to original,Référence de vue vers original,Verweis von Ansicht auf Original,Referenza da vista a originale,ビューからオリジナルへのリファレンス,Referência da Vista para Original ,Ссылка от вида к оригиналу,Referencia de la vista a la original,Referans orijinalden görünümü görmek için ,Referencja z widoku do orginału
1094,0,,0,0,0,-1,-1,0,.ENTRY_PORT,-1,0,0,Port name,port naam,Port name,Nom de serrage,Klemmstellenname,Nome porta,ポート名,Nome da Porta,Имя порта,Nombre de puerto,Port adı,Nazwa portu
1095,0,,0,0,0,-1,-1,0,,-1,0,0,Port name from panel,port naam van panel,Port name from panel,Nom de serrage de l'armoire,Klemmstelle von Schaltschrank,Nome porta da panel,パネルからのポート名,Nome da Porta pelo Painel,Имя порта из компоновки,Nombre de puerto del armario,Port adı panelden,Nazwa portu z Panel
5000,255,,0,0,0,0,0,0,saberModel,0,0,0,Saber 模型名称,Saber model naam,Saber Model Name,Nom de modèle Saber,Saber Bauformname,Saber - Modello,SABERモデル名,Saber Nome do modelo ,Saber Имя модели,Nombre de modelo Saber,Saber Model Adı,Saber Nazwa Modelu
5001,255,,0,0,0,0,0,0,saberLib,0,0,0,Saber 库,Saber bibliotheek,Saber Library,Bibliothèque Saber,Saber Datenbank,Saber - Libreria,SABERライブラリ,Saber Biblioteca ,Saber Библиотека,Librería Saber,Saber Kütüphane,Saber Biblioteka
5002,255,,0,0,0,0,0,0,saberParam1,0,0,0,Saber 参数 1,Saber parameter 1,Saber Parameter 1,Paramètre 1 Saber,Saber Parameter 1,Saber - Parameter 1,SABERパラメータ1,Saber Parâmetro 1 ,Saber Параметр 1,Perímetro 1 Saber,Saber Parametre 1,Saber Parametr 1
5003,255,,0,0,0,0,0,0,saberPin,0,0,0,Saber 针脚,Saber pin,Saber Pin,Broche Saber,Saber Pin,Saber - Pin,SABERピン,Saber Pin,Saber Вывод,Pin  Saber,Saber Pin,Saber Pin
5100,255,,0,0,-1,0,0,0,E3.ePLM_FunctionName,0,0,0,E3.ePLM 功能名称,E3.ePLM functie naam,E3.ePLM FunctionName,NomFonction E3.ePLM,E3.ePLM Aktion,E3.ePLM FunctionName,E3.ePLM 機能名,Nome da Função E3.ePLM,E3.ePLM ИмяФункции,Nombre de Función E3.ePLM,E3.ePLM FonksiyonAdı,E3.ePLM NazwaFunkcji
5101,255,,0,0,-1,0,0,0,E3.ePLM_Description,0,0,0,E3.ePLM 描述,E3.ePLM beschrijving,E3.ePLM Description,Description E3.ePLM,E3.ePLM Aktionsbeschreibung,E3.ePLM Description,E3.ePLM 表記,Descrição E3.ePLM,E3.ePLM Описание,Descripción E3.ePLM,E3.ePLM Açıklama,E3.ePLM Opis
5102,255,,0,0,-1,0,0,0,E3.ePLM_Function,0,0,0,E3.ePLM 功能,E3.ePLM functie,E3.ePLM Function,Fonction E3.ePLM,E3.ePLM Funktion,E3.ePLM Function,E3.ePLM機能,Função E3.ePLM,E3.ePLM Функция,Función E3.ePLM,E3.ePLM Fonksiyon,E3.ePLM Funkcja
5200,255,,0,0,0,0,0,0,widgenVariantOption,0,0,0,E3.WiDGen 选项,E3.WiDGen optie,E3.WiDGen Option,Option E3.WiDGen,E3.WiDGen Option,E3.WiDGen - Option,E3.WiDGen オプション,Opção E3.WiDGen,E3.WiDGen Опция,Opción E3.WiDGen,E3.WiDGen Ayarlar,E3.WiDGen Opcja
5201,255,,0,0,0,0,0,0,widgenPindescription,0,0,0,E3.WiDGen 针脚功能,E3.WiDGen pin functie,E3.WiDGen Pinfunction,FonctionBroche E3.WiDGen,E3.WiDGen Pinfunktion,E3.WiDGen - Pinfunction,E3.WiDGen 論理ピン,Função do Pin E3.WiDGen,E3.WiDGen ФункцияВывода,Función de pun E3.WiDGen,E3.WiDGen Pinfonksiyon,E3.WiDGen FunkcjaPinu
87,0,,0,0,0,0,0,0,Attr4ViewSymbol,0,0,0,视图符号的使用属性,Attribuut gebruikt door weergave symbool,Attribute for use from View Symbol,Attribut pour utilisation par symbole de vue,Attribute das vom Ansichts Symbol benutzt wird,Attributo dal simbolo di vista,ビューシンボルからの使用属性,,Атрибут для использования из символа изображения,,Sembol Görünümünden kullanım niteliği,Atrybut z widoku symbolu
88,0,,0,0,0,0,0,0,Function,0,0,0,文字功能属性,Text functie attribuut,Text Function Attribute,Attribut de texte fonctionnel,Text Function Attribute,Testo attributo funzione,テキストファンクション属性,,Атрибут надписи функции,,Fonksiyon niteliğinin metni,
89,0,,0,0,0,0,0,0,ArticleType,0,0,0,物料类型,Artikel type,Article Type,Type d'article,Artikel Typ,Tipo articolo,型式,,Тип компонента,,Nesne Tipi ,
74,0,,0,0,0,0,0,0,PlcTopologyNet,0,0,0,PLC拓扑网络,PLC topologie netwerk,PLC Topology Network,Réseau topologique API,SPS Topologie Netzwerk,PLC - Rete topologica,PLC トポロジネットワーク,,ПЛК Сеть Топологии,,PLC Topology Bağlantısı,
75,0,,0,0,0,0,0,0,PlcTopology,0,0,0,PLC拓扑,PLC topologie,PLC Topology,Topologie API,SPS Topologie,PLC - Topologia,PLC トポロジ,,ПЛК Топология,,PLC Topology ,
76,0,,0,0,0,0,0,0,PlcNetType,0,0,0,PLC网络类型,PLC netwerk type,PLC Network Type,Type de réseau API,SPS Netzwerk Typ,PLC - Tipo rete,PLC ネットワークタイプ,,ПЛК Тип сети,,PLC Bağlantı Tipi,
77,0,,0,0,0,0,0,0,PlcPositionNumber,0,0,0,PLC位置编号,PLC positie nummer,PLC Position Number,Numéro de position API,SPS Positions Nummer,PLC - Numero di posizione,PLC 位置番号,,ПЛК Номер позиции,,PLC Yerleştirme Numarası,
