ColorCode,Color,Linetype,Type,DESCRIPTION_86,DESCRIPTION_31,DESCRIPTION_44,DESCRIPTION_33,DESCRIPTION_49,DESCRIPTION_39,DESCRIPTION_81,DESCRIPTION_351,DESCRIPTION_07,DESCRIPTION_34,DESCRIPTION_90,DESCRIPTION_48
1,256,0,0,黑,Zwart,Black,Noir,Schwarz,Nero,黒,Preto,черный,Negro,Siyah,Czarny
2,266,0,0,白,Wit,White,Blanc,Weiss,Bianco,白,Branco,белый,Blanco,Beyaz,Biały
3,269,0,0,红,Rood,Red,Rouge,Rot,Rosso,赤,Vermelho,красный,Rojo,Kırmızı,Czerwony
4,270,0,0,绿,Groen,Green,Vert,Grün,Verde,緑,Verde,зеленый,Verde,Yeşil,Zielony
5,286,0,0,棕,Bruin,Brown,Brun,Braun,Marrone,茶,Marrom,коричневый,Marrón,Kahverangi,Brązowy
6,272,0,0,蓝,Blauw,Blue,Bleu,Blau,Blu,青,Azul,голубой,Azul,Mavi,Niebieski
7,313,0,0,橙,Oranje,Orange,Orange,Orange,Arancione,オレンジ,Laranja,оранжевый,Naranja,Turuncu,Pomarańczowy
8,271,0,0,黄,Geel,Yellow,Jaune,Gelb,Giallo,黄色,Amarelo,желтый,Amarillo,Sarı,Żółty
9,261,0,0,紫,Violet,Violet,Violet,Violett,Viola,紫,Violeta,фиолетовый,Violeta,Menekşe rengi,Fioletowy
10,263,0,0,灰,Grijs,Grey,Gris,Grau,Grigio,灰色,Cinza,серый,Gris,Gri,Szary
11,273,0,0,粉,Rose,Pink,Rose,Rosa,Rosa,ピンク,Rosa,розовый,Rosa,Pembe,Różowy
12,319,0,0,金,Goud,Gold,Or,Gold,Oro,金,Dourado,золотистый,Oro,Altınrengi,Złoty
13,456,0,0,青绿,Turkoois,Turquoise,Turquoise,Türkis,Turchese,ターコイズ,Turquesa,бирюзовый,Turquesa,Turkuaz,Turkusowy
14,264,0,0,银,Zilver,Silver,Argent,Silber,Argento,銀,Prata,серебристый,Plata,Gümüş,Srebrny
15,0,5,0,绿-黄,Groen/Geel,Green-Yellow,Vert/Jaune,Grün/Gelb,Verde-Giallo,緑-黄,Verde-Amarelo,желто-зеленый,Verde/Amarillo,Yeşil-Sarı,Żółto-Zielony
16,416,0,0,深蓝,Donkerblauw,Dark blue,Bleu foncé,Dunkelblau,Blu scuro,紺,Azul escuro,синий,Azul oscuro,Koyu Mavi,Ciemnoniebieski
17,,0,1,聚乙烯,Polyethyleen,polyethylene,Polyéthylène,Polyethylen,Polietilene,ポリエチレン,Polietileno,полиэтилен,polyethylene,polietilen,Polietylen
18,0,0,1,塑料,Plastik,plastic,Plastique,Kunststoff,Plastica,プラスチック,Plástico,пластик,plastic,plastik,plastik
19,0,0,1,铜,Koper,copper,Cuivre,Kupfer,Rame,カッパー,Cobre,медный,copper,bakır,miedź
20,0,0,0,透明,Transparent,Transparent,Transparent,Transparent,Trasparente,透明,Transparente,Прозрачный,Transparente,Saydam,Przeźroczysty
21,0,0,0,灰品色,GrijsRoze,GreyPink,GrisRose,GrauRosa,GrigioRosa,グレーピンク,Cinza e Rosa,Серо-розовый,GrisRosa,GriPembe,SzaroRóżowy
22,0,0,0,红蓝色,RoodBlau,RedBlue,RougeBleu,RotBlau,RossoBlu,赤青,Vermelho e Azul,Красно-синий,RojoAzul,KırmızıMavi,CzerwonoNiebieski
23,0,0,0,白绿色,WitGroen,WhiteGreen,BlancVert,WeissGrün,BiancoVerde,白緑,Branco e Verde,Бело-зеленый,BlancoVerde,BeyazYeşil,BiałoZielony
24,0,0,0,棕绿色,BruinGroen,BrownGreen,BrunVert,BraunGrün,MarroneVerde,茶緑,Marrom e Verde,Коричнево-зеленый,MarrónVerde,KahverangiYeşil,BrązowoZielony
25,0,0,0,白黄色,WitGeel,WhiteYellow,BlancJaune,WeissGelb,BiancoGiallo,白黄,Branco e Amarelo,Бело-желтый,BlancoAmarillo,BeyazSarı,BiałoŻółty
26,0,0,0,黄棕色,GeelBruin,YellowBrown,JauneBrun,GelbBraun,GialloMarrone,黄茶,Amarelo e Marrom,Желто-коричневый,AmarilloMarrón,SarıKahverengi,ŻółtoBrązowy
27,0,0,0,灰白色,WitGrijs,WhiteGrey,BlancGris,WeissGrau,BiancoGrigio,白グレー,Branco e Cinza,Серо-коричневый,BlancoGris,BeyazGri,BiałoSzary
28,0,0,0,灰褐色,GrijsBruin,GreyBrown,GrisBrun,GrauBraun,GrigioMarrone,グレー茶,Cinza e Marrom,Серо-коричневый (1),GrisMarrón,GriKahverengi,SzaroBrązowy
29,0,0,0,白品色,WitRoze,WhitePink,BlancRose,WeissRosa,BiancoRosa,白ピンク,Branco e Rosa,Бело-розовый,BlancoRosa,BeyazPembe,BiałoRóżowy
30,0,0,0,品棕色,RozeBruin,PinkBrown,RoseBrun,RosaBraun,ViolaMarrone,ピンク茶,Rosa e Marrom,Розово-коричневый,RosaMarrón,PembeKahverengi,RóżowoBrązowy
31,0,0,0,白蓝色,WitBlau,WhiteBlue,BlancBleu,WeissBlau,BiancoBlu,白青,Branco e Azul,Бело-синий,BlancoAzul,BeyazMavi,BiałoNiebieski
32,0,0,0,棕蓝色,BruinBlau,BrownBlue,BrunBleu,BraunBlau,MarroneBlu,茶青,Marrom e Azul,Коричнево-синий,MarrónAzul,KahverengiMavi,BrazowoNiebieski
33,0,0,0,白红色,WitRood,WhiteRed,BlancRouge,WeissRot,BiancoRosso,白赤,Branco e Vermelho,Бело-красный,BlancoRojo,BeyazKırmızı,BiałoCzerwony
34,0,0,0,红棕色,BruinRood,BrownRed,BrunRouge,BraunRot,MarroneRosso,茶赤,Marrom e Vermelho,Коричнево-красный,MarrónRojo,KahverengiKırmızı,BrązowoCzerwony
35,0,0,0,白黑色,WitZwart,WhiteBlack,BlancNoir,WeissSchwarz,BiancoNero,白黒,Branco e Preto,Бело-черный,BlancoNegro,BeyazSiyah,BiałoCzarny
36,0,0,0,棕黑色,BruinZwart,BrownBlack,BrunNoir,BraunSchwarz,MarroneNero,茶黒,Marrom e Preto,Коричнево-черный,MarrónNegro,KahverengiSiyah,BrązowoCzarny
37,0,0,0,灰绿色,GrijsGroen,GreyGreen,GrisVert,GrauGrün,GrigioVerde,グレー緑,Cinza e Verde,Серо-зеленый,GrisVerde,GriYeşil,SzaroZielony
38,0,0,0,黄灰色,GeelGrijs,YellowGrey,JauneGris,GelbGrau,GialloGrigio,黄グレー,Amarelo e Cinza,Желто-Серый,AmarilloGris,SarıGri,ŻółtoSzary
39,0,0,0,品绿色,RozeGroen,PinkGreen,RoseVert,RosaGrün,RosaGrigio,ピンク緑,Rosa e Verde,Розово-зеленый,RosaVerde,PembeYeşil,RóżowoZielony
40,0,0,0,黄品色,GeelRoze,YellowPink,JauneRose,GelbRosa,GialloRosa,黄ピンク,Amarelo de Rosa,Желто-розовый,AmarilloRosa,SarıPembe,ŻółtoRóżowy
41,0,0,0,蓝绿色,GroenBlau,GreenBlue,VertBleu,GrünBlau,VerdeBlu,緑青,Verde e Azul,Зелено-синий,VerdeAzul,YeşilMavi,ZielonoNiebieski
42,0,0,0,黄蓝色,GeelBlau,YellowBlue,JauneBleu,GelbBlau,GialloBlu,黄青,Amarelo de Azul,Желто-синий,AmarilloAzul,SarıMavi,ŻółtoNiebieski
43,0,0,0,绿红色,GroenRood,GreenRed,VertRouge,GrünRot,VerdeRosso,緑赤,Verde e Vermelho,Зелено-красный,VerdeRojo,YeşilKırmızı,ZielonoCzerwony
44,0,0,0,黄红色,GeelRood,YellowRed,JauneRouge,GelbRot,GialloRosso,黄赤,Amarelo e Vermelho,Желто-красный,AmarilloRojo,SarıKırmızı,ŻółtoCzerwony
45,0,0,0,墨绿色,GroenZwart,GreenBlack,VertNoir,GrünSchwarz,VerdeNero,緑黒,Verde e Preto,Зелено-черный,VerdeNegro,YeşilSiyah,ZielonoCzarny
46,0,0,0,黑黄色,GeelZwart,YellowBlack,JauneNoir,GelbSchwarz,GialloNero,黄黒,Amarelo e Preto,Желто-черный,AmarilloNegro,SarıSiyah,ŻółtoCzarny
47,0,0,0,灰蓝色,GrijsBlau,GreyBlue,GrisBleu,GrauBlau,GrigioBlu,グレー青,Cinza e Azul,Серо-синий,GrisAzul,GriMavi,SzaroNiebieski
48,0,0,0,品蓝色,RozeBlau,PinkBlue,RoseBleu,RosaBlau,RosaBlu,ピンク青,Rosa e Azul,Розово-синий,RosaAzul,PembeMavi,RóżowoNiebieski
49,0,0,0,灰红色,GrijsRood,GreyRed,GrisRouge,GrauRot,GrigioRosso,グレー赤,Cinza e Vermelho,Серо-красный,GrisRojo,GriKırmızı,SzaroCzerwony
50,0,0,0,品红色,RozeRood,PinkRed,RoseRouge,RosaRot,ViolaRosso,ピンク赤,Rosa e Vermelho,Розово-красный,RosaRojo,PembeKırmızı,RóżowoCzerwony
51,0,0,0,黑灰色,GrijsZwart,GreyBlack,GrisNoir,GrauSchwarz,GrigioNero,グレー黒,Cinza e Preto,Серо-черный,GrisNegro,GriSiyah,SzaroCzarny
52,0,0,0,品黑色,RozeZwart,PinkBlack,RoseNoir,RosaSchwarz,RosaNero,ピンク黒,Rosa e Preto,Розово-черный,RosaNegro,PembeSiyah,RóżowoCzarny
53,0,0,0,蓝黑色,BlauZwart,BlueBlack,BleuNoir,BlauSchwarz,BluNero,青黒,Azul e Preto,Сине-черный,AzulNegro,MaviSiyah,NiebieskoCzarny
54,0,0,0,红黑色,RoodZwart,RedBlack,RougeNoir,RotSchwarz,RossoNero,赤黒,Vermelho e Preto,Красно-черный,RojoNegro,KırmızıSiyah,CzerwonoCzarny
55,0,0,0,白橘色,WitOranje,WhiteOrange,BlancOrange,WeissOrange,BiaoncoArancione,白オレンジ,Branco e Laranja,Бело-оранжевый,BlancoNaranja,BeyazTuruncu,BiałoPomarańczowy
56,0,0,0,白棕色,WitBruin,WhiteBrown,BlancBrun,WeissBraun,BiancoMarrone,白茶,Branco e Marrom,Бело-коричневый,BlancoMarrón,BeyazKahverengi,BiałoBrązowy
60,272,0,1,聚酰胺,polyamide,polyamid,polyamide,Polyamid,Poliamide,ポリアミド,Poliamida,полиамидный,Poliamida,polyamid,Poliamid
61,272,0,1,聚氨酯,polyurethan,polyurethan,polyuréthane,Polyurethan,Poliuretano,ポリウレタン,Poliuretano,полиуретановый,Poliuretano,poliüretan,Poliuretan
62,0,0,0,绿色白,GroenWit,GreenWhite,VertBlanc,GrünWeiss,VerdeBianco,緑白,Verde e Branco,зеленый-Бело,VerdeBlanco,YeşilBeyaz,ZielonoBiały
63,0,0,0,黄色白,GeelWit,YellowWhite,JauneBlanc,GelbWeiss,GialloBianco,黄白,Amarelo e Branco,желтый-Бело,AmarilloBlanco,SarıBeyaz,ŻółtoBiały
64,0,0,0,灰色白,GrijsWit,GreyWhite,GrisBlanc,GrauWeiss,GrigioBianco,グレー白,Cinza e Branco,коричневый-Бело,GrisBlanco,GriBeyaz,SzaroBiały
65,0,0,0,品色白,RozeWit,PinkWhite,RoseBlanc,RosaWeiss,ViolaBianco,ピンク白,Rosa e Branco,розовый-Бело,RosaBlanco,PembeBeyaz,RóżowoBiały
66,0,0,0,蓝色白,BlauWit,BlueWhite,BleuBlanc,BlauWeiss,BluBianco,青白,Azul e Branco,синий-Бело,AzulBlanco,MaviBeyaz,NiebieskoBiały
67,0,0,0,红色白,RoodWit,RedWhite,RougeBlanc,RotWeiss,RossoBianco,赤白,Vermelho e Branco,красный-Бело,RojoBlanco,KırmızıBeyaz,CzerwonoBiały
68,0,0,0,黑色白,ZwartWit,BlackWhite,NoirBlanc,SchwarzWeiss,NeroBianco,黒白,Preto e Branco,черный-Бело,NegroBlanco,SiyahBeyaz,CzarnoBiały
69,0,0,0,橘色白,OranjeWit,OrangeWhite,OrangeBlanc,OrangeWeiss,ArancioneBianco,オレンジ白,Laranja e Branco,оранжевый-Бело,NaranjaBlanco,TuruncuBeyaz,PomarańczowoBiały
70,0,0,0,棕色白,BruinWit,BrownWhite,BrunBlanc,BraunWeiss,MarroneBianco,茶白,Marrom e Branco,коричневый-белый,MarrónBlanco,KahverengiBeyaz,BrązowoBiały
71,0,0,0,深蓝白,DonkerblauwWit,Dark blueWhite,Bleu foncéBlanc,DunkelblauWeiss,Blu scuroBianco,紺白,Azul escuro e Branco,темно-синий-белый,Azul oscuroBlanco,Koyu MaviBeyaz,CzarnoniebieskoBiały
72,496,0,0,浅蓝,Licht blauw,Light blue,Bleu clair,Hellblau,Azzurro,Light blue,Azul Claro,Light blue,Azul claro,Açık mavi,Jasnoniebieski
73,0,0,0,色红棕,RoodBruin,RedBrown,RougeBrun,RotBraun,RossoMarrone,赤茶,Vermelho e Marrom,красный-Коричнево,RojoMarrón,KırmızıKahverengi,CzerwonoBrązowy
74,0,0,0,绿色灰,GroenGrijs,GreenGrey,VertGris,GrünGrau,VerdeGrigio,緑グレー,Verde e Cinza,Зелено-коричневый,VerdeGris,YeşilGri,ZielonoSzary
75,0,0,0,墨绿棕,GroenBruin,GreenBrown,VertBrun,GrünBraun,VerdeMarrone,緑茶,Verde e Marrom,Зелено-Коричнево,VerdeMarrón,YeşilKahverengi,ZielonoBrązowy
76,0,0,0,色红色,RoodGeel,RedYellow,RougeJaune,RotGelb,RossoGiallo,赤黄,Vermelho e Amarelo,красный-желтый,RojoAmarillo,KırmızıSarı,CzerwonoŻółty
77,0,0,0,红灰,RoodGrijs,RedGrey,RougeGris,RotGrau,RossoGrigio,赤グレー,Vermelho e Cinza,красный-Серый,RojoGris,KırmızıGri,CzerwonoSzary
78,0,0,0,红绿,RoodGroen,RedGreen,RougeVert,RotGrün,RossoVerde,赤緑,Vermelho e Verde,красный-зеленый,RojoVerde,KırmızıYeşil,CzerwonoZielony
79,0,0,0,棕色色,BruinGeel,BrownYellow,BrunJaune,BraunGelb,MarroneGiallo,茶黄,Marrom e Amarelo,коричневый-желтый,MarrónAmarillo,KahverengiSarı,BrązowoŻółty
80,0,0,0,蓝色色,BlauGeel,BlueYellow,BleuJaune,BlauGelb,BluGiallo,青黄,Azul e Amarelo,синий-желтый,AzulAmarillo,MaviSarı,NiebieskoŻółty
81,0,0,0,蓝绿,BlauGroen,BlueGreen,BleuVert,BlauGrün,BluVerde,青緑,Azul e Verde,синий-зеленый,AzulVerde,MaviYeşil,NiebieskoZielony
82,0,0,0,蓝红,BlauRood,BlueRed,BleuRouge,BlauRot,BluRosso,青赤,Azul e Vermelho,синий-красный,AzulRojo,MaviKırmızı,NiebieskoCzerwony
83,0,0,0,黑色色,ZwartGeel,BlackYellow,NoirJaune,SchwarzGelb,NeroGiallo,黒黄,Preto e Amarelo,черный-желтый,NegroAmarillo,SiyahSarı,CzarnoŻółty
84,0,0,0,黑绿,ZwartGroen,BlackGreen,NoirVert,SchwarzGrün,NeroVerde,黒緑,Preto e Verde,черный-зеленый,NegroVerde,SiyahYeşil,CzarnoZielony
85,0,0,0,黑红,ZwartRood,BlackRed,NoirRouge,SchwarzRot,NeroRosso,黒赤,Preto eVermelho,черный-красный,NegroRojo,SiyahKırmızı,CzarnoCzerwony
86,0,0,0,浅棕,Beige,Light brown,Beige ,Beige,Beige,ライトブラウン,Bege,Бежевый,Beis,Açık Kahverengi,Jasnobrązowy
87,0,0,0,浅棕白,BeigeWit,Ligjt brownWhite,BeigeBlanc,BeigeWeiss,BeigeBianco,ライトブラウンホワイト,BegeBranco,БежевыйБелый,BeiseBlanco,Açık Kahverengi Beyaz,JasnobrązowoBiały
88,0,0,0,透明白色,TransparantWit,TransparentWhite,TransparentBlanc,TransparentWeiss,TrasparenteBianco,透明ホワイト,TransparenteBranco,ПрозрачныйБелый,TransparenteBlanco,ŞeffafBeyaz,PrzeźroczystyBiały
89,0,0,0,橙黑,OranjeZwart,OrangeBlack,OrangeNoir,OrangeSchwarz,ArancioNero,オレンジブラック,LaranjaNegro,ОранжевыйЧерный,NaranjaNegro,TuruncuSiyah,PomarańczowoCzarny
90,0,0,0,紫黑,PaarsZwart,VioletBlack,VioletNoir,ViolettSchwarz,ViolaNero,バイレットブラック,VioletaNegro,ФиолетовыйЧерный,VioletaNegro,MorSiyah,FioletowoCzarny
91,0,0,0,紫白,PaarsWit,VioletWhite,VoiletBlanc,ViolettWeiss,ViolaBianco,バイオレットホワイト,VioletaBranco,ФиолетовыйБелый,VioletaBlanco,MorBeyaz,FioletowoBiały
92,0,0,0,黑1,Zwart1,Black1,Noir1,Schwarz1,Nero1,ブラック1,Negro1,Черный1,Negro1,Siyah1,Czarny1
93,0,0,0,黑2,Zwart2,Black2,Noir2,Schwarz2,Nero2,ブラック2,Negro2,Черный2,Negro2,Siyah2,Czarny2
94,0,0,0,黑3,Zwart3,Black3,Noir3,Schwarz3,Nero3,ブラック3,Negro3,Черный3,Negro3, Siyah3,Czarny3
95,0,0,0,黑4,Zwart4,Black4,Noir4,Schwarz4,Nero4,ブラック4,Negro4,Черный4,Negro4, Siyah4,Czarny4
96,0,0,0,黑5,Zwart5,Black5,Noir5,Schwarz5,Nero5,ブラック5,Negro5,Черный5,Negro5, Siyah5,Czarny5
97,0,0,0,黑6,Zwart6,Black6,Noir6,Schwarz6,Nero6,ブラック6,Negro6,Черный6,Negro6,Siyah6,Czarny6
98,0,0,0,黑7,Zwart7,Black7,Noir7,Schwarz7,Nero7,ブラック7,Negro7,Черный7,Negro7,Siyah7,Czarny7
99,0,0,0,黑8,Zwart8,Black8,Noir8,Schwarz8,Nero8,ブラック8,Negro8,Черный8,Negro8,Siyah8,Czarny8
100,0,0,0,黑9,Zwart9,Black9,Noir9,Schwarz9,Nero9,ブラック9,Negro9,Черный9,Negro9,Siyah9,Czarny9
101,0,0,0,黑10,Zwart10,Black10,Noir10,Schwarz10,Nero10,ブラック10,Negro10,Черный10,Negro10,Siyah10,Czarny10
102,0,0,0,黑11,Zwart11,Black11,Noir11,Schwarz11,Nero11,ブラック11,Negro11,Черный11,Negro11,Siyah11,Czarny11
103,0,0,0,黑12,Zwart12,Black12,Noir12,Schwarz12,Nero12,ブラック12,Negro12,Черный12,Negro12,Siyah12,Czarny12
104,0,0,0,黑13,Zwart13,Black13,Noir13,Schwarz13,Nero13,ブラック13,Negro13,Черный13,Negro13,Siyah13,Czarny13
105,0,0,0,黑14,Zwart14,Black14,Noir14,Schwarz14,Nero14,ブラック14,Negro14,Черный14,Negro14,Siyah14,Czarny14
106,0,0,0,黑15,Zwart15,Black15,Noir15,Schwarz15,Nero15,ブラック15,Negro15,Черный15,Negro15,Siyah15,Czarny15
107,0,0,0,黑16,Zwart16,Black16,Noir16,Schwarz16,Nero16,ブラック16,Negro16,Черный16,Negro16,Siyah16,Czarny16
108,0,0,0,黑17,Zwart17,Black17,Noir17,Schwarz17,Nero17,ブラック17,Negro17,Черный17,Negro17,Siyah17,Czarny17
109,0,0,0,黑18,Zwart18,Black18,Noir18,Schwarz18,Nero18,ブラック18,Negro18,Черный18,Negro18,Siyah18,Czarny18
110,0,0,0,黑19,Zwart19,Black19,Noir19,Schwarz19,Nero19,ブラック19,Negro19,Черный19,Negro19,Siyah19,Czarny19
111,0,0,0,黑20,Zwart20,Black20,Noir20,Schwarz20,Nero20,ブラック20,Negro20,Черный20,Negro20,Siyah20,Czarny20
112,0,0,0,黑21,Zwart21,Black21,Noir21,Schwarz21,Nero21,ブラック21,Negro21,Черный21,Negro21,Siyah21,Czarny21
113,0,0,0,黑22,Zwart22,Black22,Noir22,Schwarz22,Nero22,ブラック22,Negro22,Черный22,Negro22,Siyah22,Czarny22
114,0,0,0,黑23,Zwart23,Black23,Noir23,Schwarz23,Nero23,ブラック23,Negro23,Черный23,Negro23,Siyah23,Czarny23
115,0,0,0,黑24,Zwart24,Black24,Noir24,Schwarz24,Nero24,ブラック24,Negro24,Черный24,Negro24,Siyah24,Czarny24
116,0,0,0,黑25,Zwart25,Black25,Noir25,Schwarz25,Nero25,ブラック25,Negro25,Черный25,Negro25,Siyah25,Czarny25
117,0,0,0,黑26,Zwart26,Black26,Noir26,Schwarz26,Nero26,ブラック26,Negro26,Черный26,Negro26,Siyah26,Czarny26
118,0,0,0,黑27,Zwart27,Black27,Noir27,Schwarz27,Nero27,ブラック27,Negro27,Черный27,Negro27,Siyah27,Czarny27
119,0,0,0,黑28,Zwart28,Black28,Noir28,Schwarz28,Nero28,ブラック28,Negro28,Черный28,Negro28,Siyah28,Czarny28
120,0,0,0,黑29,Zwart29,Black29,Noir29,Schwarz29,Nero29,ブラック29,Negro29,Черный29,Negro29,Siyah29,Czarny29
121,0,0,0,黑30,Zwart30,Black30,Noir30,Schwarz30,Nero30,ブラック30,Negro30,Черный30,Negro30,Siyah30,Czarny30
122,0,0,0,黑31,Zwart31,Black31,Noir31,Schwarz31,Nero31,ブラック31,Negro31,Черный31,Negro31,Siyah31,Czarny31
123,0,0,0,黑32,Zwart32,Black32,Noir32,Schwarz32,Nero32,ブラック32,Negro32,Черный32,Negro32,Siyah32,Czarny32
124,0,0,0,黑33,Zwart33,Black33,Noir33,Schwarz33,Nero33,ブラック33,Negro33,Черный33,Negro33,Siyah33,Czarny33
125,0,0,0,黑34,Zwart34,Black34,Noir34,Schwarz34,Nero34,ブラック34,Negro34,Черный34,Negro34,Siyah34,Czarny34
126,0,0,0,黑35,Zwart35,Black35,Noir35,Schwarz35,Nero35,ブラック35,Negro35,Черный35,Negro35,Siyah35,Czarny35
127,0,0,0,黑36,Zwart36,Black36,Noir36,Schwarz36,Nero36,ブラック36,Negro36,Черный36,Negro36,Siyah36,Czarny36
128,0,0,0,黑37,Zwart37,Black37,Noir37,Schwarz37,Nero37,ブラック37,Negro37,Черный37,Negro37,Siyah37,Czarny37
129,0,0,0,黑38,Zwart38,Black38,Noir38,Schwarz38,Nero38,ブラック38,Negro38,Черный38,Negro38,Siyah38,Czarny38
130,0,0,0,黑39,Zwart39,Black39,Noir39,Schwarz39,Nero39,ブラック39,Negro39,Черный39,Negro39,Siyah39,Czarny39
131,0,0,0,黑40,Zwart40,Black40,Noir40,Schwarz40,Nero40,ブラック40,Negro40,Черный40,Negro40,Siyah40,Czarny40
132,0,0,0,黑41,Zwart41,Black41,Noir41,Schwarz41,Nero41,ブラック41,Negro41,Черный41,Negro41,Siyah41,Czarny41
133,0,0,0,黑42,Zwart42,Black42,Noir42,Schwarz42,Nero42,ブラック42,Negro42,Черный42,Negro42,Siyah42,Czarny42
134,0,0,0,黑43,Zwart43,Black43,Noir43,Schwarz43,Nero43,ブラック43,Negro43,Черный43,Negro43,Siyah43,Czarny43
135,0,0,0,黑44,Zwart44,Black44,Noir44,Schwarz44,Nero44,ブラック44,Negro44,Черный44,Negro44,Siyah44,Czarny44
136,0,0,0,黑45,Zwart45,Black45,Noir45,Schwarz45,Nero45,ブラック45,Negro45,Черный45,Negro45,Siyah45,Czarny45
137,0,0,0,黑46,Zwart46,Black46,Noir46,Schwarz46,Nero46,ブラック46,Negro46,Черный46,Negro46,Siyah46,Czarny46
138,0,0,0,黑47,Zwart47,Black47,Noir47,Schwarz47,Nero47,ブラック47,Negro47,Черный47,Negro47,Siyah47,Czarny47
139,0,0,0,黑48,Zwart48,Black48,Noir48,Schwarz48,Nero48,ブラック48,Negro48,Черный48,Negro48,Siyah48,Czarny48
140,0,0,0,黑49,Zwart49,Black49,Noir49,Schwarz49,Nero49,ブラック49,Negro49,Черный49,Negro49,Siyah49,Czarny49
141,0,0,0,黑50,Zwart50,Black50,Noir50,Schwarz50,Nero50,ブラック50,Negro50,Черный50,Negro50,Siyah50,Czarny50
142,0,0,0,U1,U1,U1,U1,U1,U1,U1,U1,U1,U1,U1,U1
143,0,0,0,V2,V2,V2,V2,V2,V2,V2,V2,V2,V2,V2,V2
144,0,0,0,W3,W3,W3,W3,W3,W3,W3,W3,W3,W3,W3,W3
145,0,0,0,棕1,Bruin1,Brown1,Brun1,Braun1,Marrone1,ブラウン1,Castanho1,Коричневый1,Marrón1,Kahverengi1,Brązowy1
146,0,0,0,棕2,Bruin2,Brown2,Brun2,Braun2,Marrone2,ブラウン2,Castanho2,Коричневый2,Marrón2,Kahverengi2,Brązowy2
147,0,0,0,白棕黑,WitBruinZwart,WhiteBrownBlack,BlancBrunNoir,WeissBraunSchwarz,BiancoMarroneNero,ホワイトブラウンブラック,BrancoCastanhoNegro,БелыйКоричневыйЧерный,BlancoMarrónNegro,BeyazKahverengiSiyah,BiałoBrązowoCzarny
148,0,0,0,黄绿黑,GeelGroenZwart,YellowGreenBlack,JauneVertNoir,GelbGrünSchwarz,GialloVerdeNero,イエローグリーンブラック,AmareloVerdeNegro,ЖелтыйЗеленыйЧерный,AmarilloVerdeNegro,SarıYeşilSiyah,ŻółtoZielonoCzarny
149,0,0,0,灰粉黑,GrijsRoseZwart,GreyPinkBlack,GrisRoseNoir,GrauRosaSchwarz,BigioRosaNero,グレーピンクブラック,PardoRosaNegro,СерыйРозовыйЧерный,GrisRosaNegro,GriPembeSiyah,SzaroRóżowoCzarny
150,0,0,0,红蓝黑,RoodBlauwZwart,RedBlueBlack,RougeBleuNoir,RotBlauSchwarz,GrigioRosaNero,レッドブルーブラック,VermelhoAzulNegro,КрасныйСинийЧерный,RojoAzulNegro,KırmızıMaviSiyah,CzerwonoNiebieskoCzarny
151,0,0,0,白绿黑,WitGroenZwart,WhiteGreenBlack,BlancVertNoir,WeissGrünSchwarz,RossoAzzurroNero,ホワイトグリーンブラック,BrancoVerdeNegro,БелыйЗеленыйЧерный,BlancoVerdeNegro,BeyazYeşilSiyah,BiałoZielonoCzarny
152,0,0,0,棕绿黑,BlauwGroenZwart,BrownGreenBlack,BrunVertNoir,BraunGrünSchwarz,MarroneVerdeNero,ブラウングリーンブラック,CastanhoVerdeNegro,КоричневыйЗеленыйЧерный,MarrónVerdeNegro,KahverengiYeşilSiyah,BrązowoZielonoCzarny
153,0,0,0,白黄黑,WitGeelZwart,WhiteYellowBlack,BlancJauneNoir,WeissGelbSchwarz,BiancoGialloNero,ホワイトイエローブラック,BrancoAmareloNegro,БелыйЖелтыйЧерный,BlancoAmarilloNegro,BeyazSarıSiyah,BiałoŻółtoCzarny
154,0,0,0,黄棕黑,GeelBruinZwart,YellowBrownBlack,JauneBrunNoir,GelbBraunSchwarz,GialloMarroneNero,イエローブラウンブラック,AmareloCastanhoNegro,ЖелтыйКоричневыйЧерный,AmarilloMarrónNegro,SarıKahverengiSiyah,ŻółtoBrązowoCzarny
155,0,0,0,白灰黑,WitGrijsZwart,WhiteGreyBlack,BlancGrisNoir,WeissGrauSchwarz,BiancoGrigioNero,ホワイトグレーブラック,BrancoPardoNegro,БелыйСерыйЧерный,BlancoGrisNegro,BeyazGriSiyah,BiałoSzaroCzarny
156,0,0,0,灰棕黑,GrijsBruinZwart,GreyBrownBlack,GrisBrunNoir,GrauBraunSchwarz,GrigioMarroneNero,グレーブラウンブラック,PardoCastanhoNegro,СерыйКоричневыйЧерный,GrisMarrónNegro,GriKahverengiSiyah,SzaroBrązowoCzarny
157,0,0,0,白粉黑,WitRoseZwart,WhitePinkBlack,BlancRoseNoir,WeissRosaSchwarz,BiancoRosaNero,ホワイトピンクブラック,BrancoRosaNegro,БелыйРозовыйЧерный,BlancoRosaNegro,BeyazPembeSiyah,BiałoRóżowoCzarny
158,0,0,0,粉棕黑,RoseBruinZwart,PinkBrownBlack,RoseBrunNoir,RosaBraunSchwarz,RosaMarroneNero,ピンクブラウンブラック,RosaCastanhoNegro,РозовыйКоричневыйЧерный,RosaMarrónNegro,PembeKahverengiSiyah,RóżowoBrązowoCzarny
159,0,0,0,白蓝黑,WitBlauwZwart,WhiteBlueBlack,BlancBleuNoir,WeissBlueSchwarz,BiancoAzzurroNero,ホワイトブルーブラック,BrancoAzulNegro,БелыйСинийЧерный,BlancoAzulNegro,BeyazMaviSiyah,BiałoNiebieskoCzarny
160,0,0,0,棕蓝黑,BruinBlauwZwart,BrownBlueBlack,BrunBleuNoir,BraunBlauSchwarz,MarroneAzzurroNero,ブラウンブルーブラック,CastanhoAzulNegro,КоричневыйСинийЧерный,MarrónAzulNegro,KahverengiMaviSiyah,BrązowoNiebieskoCzarny
161,0,0,0,白红黑,WitRoodZwart,WhiteRedBlack,BlancRougeNoir,WeissRotSchwarz,BiancoRossoNero,ホワイトレッドブラック,BrancoVermelhoNegro,БелыйКрасныйЧерный,BlancoRojoNegro,BeyazKırmızıSiyah,BialoCzerwonoCzarny
162,0,0,0,棕红黑,BruinRoodZwart,BrownRedBlack,BrunRougeNoir,BraunRotSchwarz,MarroneRossoNero,ブラウンレッドブラック,CastanhoVermelhoNegro,КоричневыйКрасныйЧерный,MarrónRojoNegro,KahverengiKırmızıSiyah,BrązowoCzerwonoCzarny
163,0,0,0,黑51,Zwart51,Black51,Noir51,Schwarz51,Nero51,ブラック51,Negro51,Черный51,Negro51,Siyah51,Czarny51
164,0,0,0,黑52,Zwart52,Black52,Noir52,Schwarz52,Nero52,ブラック52,Negro52,Черный52,Negro52,Siyah52,Czarny52
165,0,0,0,黑53,Zwart53,Black53,Noir53,Schwarz53,Nero53,ブラック53,Negro53,Черный53,Negro53,Siyah53,Czarny53
166,0,0,0,黑54,Zwart54,Black54,Noir54,Schwarz54,Nero54,ブラック54,Negro54,Черный54,Negro54,Siyah54,Czarny54
167,0,0,0,黑55,Zwart55,Black55,Noir55,Schwarz55,Nero55,ブラック55,Negro55,Черный55,Negro55,Siyah55,Czarny55
168,0,0,0,白1,Wit1,White1,Blanc1,Weiss1,Bianco1,白1,Branco1,белый1,Blanco1,Beyaz1,Biały1
169,0,0,0,白2,Wit2,White2,Blanc2,Weiss2,Bianco2,白2,Branco2,белый2,Blanco2,Beyaz2,Biały2
170,0,0,0,白3,Wit3,White3,Blanc3,Weiss3,Bianco3,白3,Branco3,белый3,Blanco3,Beyaz3,Biały3
171,0,0,0,白4,Wit4,White4,Blanc4,Weiss4,Bianco4,白4,Branco4,белый4,Blanco4,Beyaz4,Biały4
172,0,0,0,白5,Wit5,White5,Blanc5,Weiss5,Bianco5,白5,Branco5,белый5,Blanco5,Beyaz5,Biały5
173,0,0,0,白6,Wit6,White6,Blanc6,Weiss6,Bianco6,白6,Branco6,белый6,Blanco6,Beyaz6,Biały6
174,0,0,0,白7,Wit7,White7,Blanc7,Weiss7,Bianco7,白7,Branco7,белый7,Blanco7,Beyaz7,Biały7
175,0,0,0,白8,Wit8,White8,Blanc8,Weiss8,Bianco8,白8,Branco8,белый8,Blanco8,Beyaz8,Biały8
176,0,0,0,白9,Wit9,White9,Blanc9,Weiss9,Bianco9,白9,Branco9,белый9,Blanco9,Beyaz9,Biały9
177,0,0,0,白10,Wit10,White10,Blanc10,Weiss10,Bianco10,白10,Branco10,белый10,Blanco10,Beyaz10,Biały10
178,0,0,0,白11,Wit11,White11,Blanc11,Weiss11,Bianco11,白11,Branco11,белый11,Blanco11,Beyaz11,Biały11
179,0,0,0,白12,Wit12,White12,Blanc12,Weiss12,Bianco12,白12,Branco12,белый12,Blanco12,Beyaz12,Biały12
180,0,0,0,白13,Wit13,White13,Blanc13,Weiss13,Bianco13,白13,Branco13,белый13,Blanco13,Beyaz13,Biały13
181,0,0,0,白14,Wit14,White14,Blanc14,Weiss14,Bianco14,白14,Branco14,белый14,Blanco14,Beyaz14,Biały14
182,0,0,0,白15,Wit15,White15,Blanc15,Weiss15,Bianco15,白15,Branco15,белый15,Blanco15,Beyaz15,Biały15
183,0,0,0,白16,Wit16,White16,Blanc16,Weiss16,Bianco16,白16,Branco16,белый16,Blanco16,Beyaz16,Biały16
184,0,0,0,白17,Wit17,White17,Blanc17,Weiss17,Bianco17,白17,Branco17,белый17,Blanco17,Beyaz17,Biały17
185,0,0,0,白18,Wit18,White18,Blanc18,Weiss18,Bianco18,白18,Branco18,белый18,Blanco18,Beyaz18,Biały18
186,0,0,0,白19,Wit19,White19,Blanc19,Weiss19,Bianco19,白19,Branco19,белый19,Blanco19,Beyaz19,Biały19
187,0,0,0,白20,Wit20,White20,Blanc20,Weiss20,Bianco20,白20,Branco20,белый20,Blanco20,Beyaz20,Biały20
188,0,0,0,白21,Wit21,White21,Blanc21,Weiss21,Bianco21,白21,Branco21,белый21,Blanco21,Beyaz21,Biały21
189,0,0,0,白22,Wit22,White22,Blanc22,Weiss22,Bianco22,白22,Branco22,белый22,Blanco22,Beyaz22,Biały22
190,0,0,0,白23,Wit23,White23,Blanc23,Weiss23,Bianco23,白23,Branco23,белый23,Blanco23,Beyaz23,Biały23
191,0,0,0,白24,Wit24,White24,Blanc24,Weiss24,Bianco24,白24,Branco24,белый24,Blanco24,Beyaz24,Biały24
192,0,0,0,白25,Wit25,White25,Blanc25,Weiss25,Bianco25,白25,Branco25,белый25,Blanco25,Beyaz25,Biały25
193,0,0,0,白26,Wit26,White26,Blanc26,Weiss26,Bianco26,白26,Branco26,белый26,Blanco26,Beyaz26,Biały26
194,0,0,0,白27,Wit27,White27,Blanc27,Weiss27,Bianco27,白27,Branco27,белый27,Blanco27,Beyaz27,Biały27
195,0,0,0,白28,Wit28,White28,Blanc28,Weiss28,Bianco28,白28,Branco28,белый28,Blanco28,Beyaz28,Biały28
196,0,0,0,白29,Wit29,White29,Blanc29,Weiss29,Bianco29,白29,Branco29,белый29,Blanco29,Beyaz29,Biały29
197,0,0,0,白30,Wit30,White30,Blanc30,Weiss30,Bianco30,白30,Branco30,белый30,Blanco30,Beyaz30,Biały30
198,0,0,0,白31,Wit31,White31,Blanc31,Weiss31,Bianco31,白31,Branco31,белый31,Blanco31,Beyaz31,Biały31
199,0,0,0,白32,Wit32,White32,Blanc32,Weiss32,Bianco32,白32,Branco32,белый32,Blanco32,Beyaz32,Biały32
200,0,0,0,白33,Wit33,White33,Blanc33,Weiss33,Bianco33,白33,Branco33,белый33,Blanco33,Beyaz33,Biały33
201,0,0,0,白34,Wit34,White34,Blanc34,Weiss34,Bianco34,白34,Branco34,белый34,Blanco34,Beyaz34,Biały34
202,0,0,0,白35,Wit35,White35,Blanc35,Weiss35,Bianco35,白35,Branco35,белый35,Blanco35,Beyaz35,Biały35
203,0,0,0,白36,Wit36,White36,Blanc36,Weiss36,Bianco36,白36,Branco36,белый36,Blanco36,Beyaz36,Biały36
204,0,0,0,白37,Wit37,White37,Blanc37,Weiss37,Bianco37,白37,Branco37,белый37,Blanco37,Beyaz37,Biały37
205,0,0,0,白38,Wit38,White38,Blanc38,Weiss38,Bianco38,白38,Branco38,белый38,Blanco38,Beyaz38,Biały38
206,0,0,0,白39,Wit39,White39,Blanc39,Weiss39,Bianco39,白39,Branco39,белый39,Blanco39,Beyaz39,Biały39
207,0,0,0,白40,Wit40,White40,Blanc40,Weiss40,Bianco40,白40,Branco40,белый40,Blanco40,Beyaz40,Biały40
208,0,0,0,白41,Wit41,White41,Blanc41,Weiss41,Bianco41,白41,Branco41,белый41,Blanco41,Beyaz41,Biały41
209,0,0,0,白42,Wit42,White42,Blanc42,Weiss42,Bianco42,白42,Branco42,белый42,Blanco42,Beyaz42,Biały42
210,0,0,0,白43,Wit43,White43,Blanc43,Weiss43,Bianco43,白43,Branco43,белый43,Blanco43,Beyaz43,Biały43
211,0,0,0,白44,Wit44,White44,Blanc44,Weiss44,Bianco44,白44,Branco44,белый44,Blanco44,Beyaz44,Biały44
212,0,0,0,白45,Wit45,White45,Blanc45,Weiss45,Bianco45,白45,Branco45,белый45,Blanco45,Beyaz45,Biały45
213,0,0,0,白46,Wit46,White46,Blanc46,Weiss46,Bianco46,白46,Branco46,белый46,Blanco46,Beyaz46,Biały46
214,0,0,0,白47,Wit47,White47,Blanc47,Weiss47,Bianco47,白47,Branco47,белый47,Blanco47,Beyaz47,Biały47
215,0,0,0,白48,Wit48,White48,Blanc48,Weiss48,Bianco48,白48,Branco48,белый48,Blanco48,Beyaz48,Biały48
216,0,0,0,白49,Wit49,White49,Blanc49,Weiss49,Bianco49,白49,Branco49,белый49,Blanco49,Beyaz49,Biały49
217,0,0,0,白50,Wit50,White50,Blanc50,Weiss50,Bianco50,白50,Branco50,белый50,Blanco50,Beyaz50,Biały50
218,0,0,0,白51,Wit51,White51,Blanc51,Weiss51,Bianco51,白51,Branco51,белый51,Blanco51,Beyaz51,Biały51
219,0,0,0,白52,Wit52,White52,Blanc52,Weiss52,Bianco52,白52,Branco52,белый52,Blanco52,Beyaz52,Biały52
220,0,0,0,白53,Wit53,White53,Blanc53,Weiss53,Bianco53,白53,Branco53,белый53,Blanco53,Beyaz53,Biały53
221,0,0,0,白54,Wit54,White54,Blanc54,Weiss54,Bianco54,白54,Branco54,белый54,Blanco54,Beyaz54,Biały54
222,0,0,0,白55,Wit55,White55,Blanc55,Weiss55,Bianco55,白55,Branco55,белый55,Blanco55,Beyaz55,Biały55
223,0,0,0,蓝红黑,BlauwRoodZwart,BlueRedBlack,BleuRougeNoir,BlauRotSchwarz,AzzurroRossoNero,ブルーレッドブラック,,СинийКрасныйЧерный,,MaviKırmızıSiyah,NiebieskoCzerwonoCzarny
224,0,0,0,绿棕黑,GroenBruinZwart,GreenBrownBlack,VertBrunNoir,GrünBraunSchwarz,VerdeMarroneNero,グリーンブラウンブラック,,ЗеленыйКоричневыйЧерный,,YeşilKahverengiSiyah,ZielonoBrązowoCzarny
225,0,0,0,白紫,WitPaars,WhiteViolet,BlancViolet ,WeissViolett,BiancoViola,ホワイトバイオレット,,БелыйФиолетовый,,BeyarMor,BiałoFioletowy
226,0,0,0,棕橙,BruinOranje,BrownOrange,BrunOrange,BraunOrange,MarroneArancione,ブラウンオレンジ,,КоричневыйОранжевый,,KahverengiTuruncu,BrązowoPomarańczowy
227,0,0,0,棕紫,BruinPaars,BrownViolet,BrunViolet,BraunViolett,MarroneViola,ブラウンバイオレット,,КоричневыйФиолетовый,,KahverengiMor,BrązowoFioletowy
228,0,0,0,棕灰,BruinGrijs,BrownGrey,BrunGris,BraunGrau,MarroneGrigio,ブラウングレー,,КоричневыйСерый,,KahverengiGri,BrązowoSzary
229,0,0,0,绿橙,GroenOranje,GreenOrange,VertOrange,GrünOrange,VerdeArancione,グリーンオレンジ,,ЗеленыйОранжевый,,YeşilTuruncu,ZielonoPomarańczowy
230,0,0,0,绿紫,GroenPaars,GreenViolet,VertViolet,GrünViolett,VerdeViola,グリーンバイオレット,,ЗеленыйФиолетовый,,YeşilMor,ZielonoFioletowy
231,0,0,0,黄橙,GeelOranje,YellowOrange,JauneOrange,GelbOrange,GialloArancione,イエローオレンジ,,ЖелтыйОранжевый,,SarıTuruncu,ŻółtoPomarańczowy
232,0,0,0,黄紫,GeelPaars,YellowViolet,JauneViolet,GelbViolett,GialloViola,イエローバイオレット,,ЖелтыйФиолетовый,,SarıMor,ŻółtoFioletowy
233,0,0,0,深蓝黑,DonkerblauwZwart,Dark blueBlack,BleuFoncéNoir,DunkelblauSchwarz,BluNero,ダークブルーブラック,,Темно-синийЧерный,,KoyumaviSiyah,CiemnoniebieskoCzarny
234,0,0,0,本色,Naturel,Nature,Nature,Natur,Naturale,ナチュラル,,Естественный,,Doğal,Naturalny
235,0,0,0,白色透明,WitTransparent,WhiteTransparent,Blanc transparent,WeissTransparent,BiancoTrasparente,白透明,,БелыйПрозрачный,,BeyazŞeffaf,BiałyPrzeźroczysty
